,Date,Coal_Future_Price
0,2012-01-03,109.35
1,2012-01-04,109.55
2,2012-01-05,110.1
3,2012-01-06,110.2
4,2012-01-07,110.2
5,2012-01-08,110.2
6,2012-01-09,109.35
7,2012-01-10,108.85
8,2012-01-11,108.15
9,2012-01-12,107.75
10,2012-01-13,105.95
11,2012-01-14,105.95
12,2012-01-15,105.95
13,2012-01-16,103.7
14,2012-01-17,104.3
15,2012-01-18,105.65
16,2012-01-19,106.25
17,2012-01-20,106.35
18,2012-01-21,106.35
19,2012-01-22,106.35
20,2012-01-23,106.15
21,2012-01-24,106.1
22,2012-01-25,106.15
23,2012-01-26,106.1
24,2012-01-27,105.8
25,2012-01-28,105.8
26,2012-01-29,105.8
27,2012-01-30,105.5
28,2012-01-31,102.85
29,2012-02-01,101.05
30,2012-02-02,101.55
31,2012-02-03,101.2
32,2012-02-04,101.2
33,2012-02-05,101.2
34,2012-02-06,100.75
35,2012-02-07,99.85
36,2012-02-08,98.95
37,2012-02-09,98.95
38,2012-02-10,98.25
39,2012-02-11,98.25
40,2012-02-12,98.25
41,2012-02-13,98.1
42,2012-02-14,98.7
43,2012-02-15,98.6
44,2012-02-16,98.9
45,2012-02-17,99.15
46,2012-02-18,99.15
47,2012-02-19,99.15
48,2012-02-20,99.4
49,2012-02-21,99.35
50,2012-02-22,99.45
51,2012-02-23,99.5
52,2012-02-24,99.4
53,2012-02-25,99.4
54,2012-02-26,99.4
55,2012-02-27,100.75
56,2012-02-28,99.15
57,2012-02-29,97.65
58,2012-03-01,96.95
59,2012-03-02,96.55
60,2012-03-03,96.55
61,2012-03-04,96.55
62,2012-03-05,96.75
63,2012-03-06,96.75
64,2012-03-07,97.4
65,2012-03-08,98.15
66,2012-03-09,97.65
67,2012-03-10,97.65
68,2012-03-11,97.65
69,2012-03-12,97.25
70,2012-03-13,97.3
71,2012-03-14,96.7
72,2012-03-15,96.6
73,2012-03-16,96.7
74,2012-03-17,96.7
75,2012-03-18,96.7
76,2012-03-19,97.05
77,2012-03-20,96.9
78,2012-03-21,97.0
79,2012-03-22,96.85
80,2012-03-23,96.65
81,2012-03-24,96.65
82,2012-03-25,96.65
83,2012-03-26,96.65
84,2012-03-27,97.1
85,2012-03-28,97.35
86,2012-03-29,98.3
87,2012-03-30,99.0
88,2012-03-31,99.0
89,2012-04-01,99.0
90,2012-04-02,101.3
91,2012-04-03,99.8
92,2012-04-04,98.35
93,2012-04-05,98.4
94,2012-04-06,98.4
95,2012-04-07,98.4
96,2012-04-08,98.4
97,2012-04-09,98.4
98,2012-04-10,97.75
99,2012-04-11,97.1
100,2012-04-12,96.9
101,2012-04-13,97.5
102,2012-04-14,97.5
103,2012-04-15,97.5
104,2012-04-16,96.85
105,2012-04-17,96.7
106,2012-04-18,96.6
107,2012-04-19,96.2
108,2012-04-20,96.5
109,2012-04-21,96.5
110,2012-04-22,96.5
111,2012-04-23,96.4
112,2012-04-24,96.5
113,2012-04-25,96.35
114,2012-04-26,96.35
115,2012-04-27,96.25
116,2012-04-28,96.25
117,2012-04-29,96.25
118,2012-04-30,91.15
119,2012-05-01,89.3
120,2012-05-02,88.65
121,2012-05-03,89.25
122,2012-05-04,88.9
123,2012-05-05,88.9
124,2012-05-06,88.9
125,2012-05-07,88.9
126,2012-05-08,87.15
127,2012-05-09,87.75
128,2012-05-10,87.9
129,2012-05-11,88.3
130,2012-05-12,88.3
131,2012-05-13,88.3
132,2012-05-14,87.85
133,2012-05-15,87.8
134,2012-05-16,87.25
135,2012-05-17,87.2
136,2012-05-18,86.8
137,2012-05-19,86.8
138,2012-05-20,86.8
139,2012-05-21,86.4
140,2012-05-22,85.65
141,2012-05-23,85.3
142,2012-05-24,85.3
143,2012-05-25,86.65
144,2012-05-26,86.65
145,2012-05-27,86.65
146,2012-05-28,87.8
147,2012-05-29,88.7
148,2012-05-30,89.15
149,2012-05-31,88.4
150,2012-06-01,88.2
151,2012-06-02,88.2
152,2012-06-03,88.2
153,2012-06-04,88.2
154,2012-06-05,88.2
155,2012-06-06,87.35
156,2012-06-07,87.0
157,2012-06-08,86.75
158,2012-06-09,86.75
159,2012-06-10,86.75
160,2012-06-11,86.0
161,2012-06-12,85.35
162,2012-06-13,85.65
163,2012-06-14,85.6
164,2012-06-15,85.25
165,2012-06-16,85.25
166,2012-06-17,85.25
167,2012-06-18,85.85
168,2012-06-19,85.9
169,2012-06-20,86.25
170,2012-06-21,86.1
171,2012-06-22,86.75
172,2012-06-23,86.75
173,2012-06-24,86.75
174,2012-06-25,86.7
175,2012-06-26,86.7
176,2012-06-27,86.9
177,2012-06-28,86.8
178,2012-06-29,86.7
179,2012-06-30,86.7
180,2012-07-01,86.7
181,2012-07-02,90.05
182,2012-07-03,90.4
183,2012-07-04,90.3
184,2012-07-05,89.65
185,2012-07-06,89.6
186,2012-07-07,89.6
187,2012-07-08,89.6
188,2012-07-09,89.3
189,2012-07-10,88.75
190,2012-07-11,88.45
191,2012-07-12,87.8
192,2012-07-13,88.2
193,2012-07-14,88.2
194,2012-07-15,88.2
195,2012-07-16,88.3
196,2012-07-17,88.7
197,2012-07-18,89.1
198,2012-07-19,89.05
199,2012-07-20,88.85
200,2012-07-21,88.85
201,2012-07-22,88.85
202,2012-07-23,87.65
203,2012-07-24,88.85
204,2012-07-25,89.0
205,2012-07-26,89.1
206,2012-07-27,90.4
207,2012-07-28,90.4
208,2012-07-29,90.4
209,2012-07-30,92.45
210,2012-07-31,94.3
211,2012-08-01,94.6
212,2012-08-02,93.55
213,2012-08-03,94.2
214,2012-08-04,94.2
215,2012-08-05,94.2
216,2012-08-06,95.0
217,2012-08-07,95.35
218,2012-08-08,95.8
219,2012-08-09,95.65
220,2012-08-10,95.4
221,2012-08-11,95.4
222,2012-08-12,95.4
223,2012-08-13,95.9
224,2012-08-14,95.6
225,2012-08-15,94.45
226,2012-08-16,94.3
227,2012-08-17,94.25
228,2012-08-18,94.25
229,2012-08-19,94.25
230,2012-08-20,94.1
231,2012-08-21,94.35
232,2012-08-22,94.15
233,2012-08-23,93.9
234,2012-08-24,94.0
235,2012-08-25,94.0
236,2012-08-26,94.0
237,2012-08-27,94.0
238,2012-08-28,93.9
239,2012-08-29,93.9
240,2012-08-30,93.9
241,2012-08-31,93.9
242,2012-09-01,93.9
243,2012-09-02,93.9
244,2012-09-03,93.05
245,2012-09-04,92.6
246,2012-09-05,92.35
247,2012-09-06,92.3
248,2012-09-07,92.25
249,2012-09-08,92.25
250,2012-09-09,92.25
251,2012-09-10,91.55
252,2012-09-11,90.8
253,2012-09-12,90.2
254,2012-09-13,89.65
255,2012-09-14,90.0
256,2012-09-15,90.0
257,2012-09-16,90.0
258,2012-09-17,89.9
259,2012-09-18,89.7
260,2012-09-19,89.9
261,2012-09-20,89.7
262,2012-09-21,89.7
263,2012-09-22,89.7
264,2012-09-23,89.7
265,2012-09-24,89.5
266,2012-09-25,89.5
267,2012-09-26,89.5
268,2012-09-27,89.5
269,2012-09-28,89.5
270,2012-09-29,89.5
271,2012-09-30,89.5
272,2012-10-01,87.05
273,2012-10-02,87.2
274,2012-10-03,87.0
275,2012-10-04,87.55
276,2012-10-05,88.05
277,2012-10-06,88.05
278,2012-10-07,88.05
279,2012-10-08,88.15
280,2012-10-09,88.05
281,2012-10-10,87.45
282,2012-10-11,86.9
283,2012-10-12,86.3
284,2012-10-13,86.3
285,2012-10-14,86.3
286,2012-10-15,85.35
287,2012-10-16,86.0
288,2012-10-17,86.7
289,2012-10-18,86.65
290,2012-10-19,86.8
291,2012-10-20,86.8
292,2012-10-21,86.8
293,2012-10-22,86.8
294,2012-10-23,86.75
295,2012-10-24,86.65
296,2012-10-25,86.65
297,2012-10-26,86.6
298,2012-10-27,86.6
299,2012-10-28,86.6
300,2012-10-29,84.8
301,2012-10-30,85.4
302,2012-10-31,85.5
303,2012-11-01,85.85
304,2012-11-02,86.1
305,2012-11-03,86.1
306,2012-11-04,86.1
307,2012-11-05,86.85
308,2012-11-06,87.85
309,2012-11-07,87.3
310,2012-11-08,87.9
311,2012-11-09,87.95
312,2012-11-10,87.95
313,2012-11-11,87.95
314,2012-11-12,88.55
315,2012-11-13,88.4
316,2012-11-14,88.4
317,2012-11-15,89.15
318,2012-11-16,89.55
319,2012-11-17,89.55
320,2012-11-18,89.55
321,2012-11-19,89.35
322,2012-11-20,89.15
323,2012-11-21,88.9
324,2012-11-22,89.2
325,2012-11-23,89.35
326,2012-11-24,89.35
327,2012-11-25,89.35
328,2012-11-26,89.35
329,2012-11-27,89.5
330,2012-11-28,89.5
331,2012-11-29,89.5
332,2012-11-30,89.5
333,2012-12-01,89.5
334,2012-12-02,89.5
335,2012-12-03,93.1
336,2012-12-04,92.65
337,2012-12-05,92.0
338,2012-12-06,91.05
339,2012-12-07,90.45
340,2012-12-08,90.45
341,2012-12-09,90.45
342,2012-12-10,90.05
343,2012-12-11,89.4
344,2012-12-12,88.5
345,2012-12-13,88.85
346,2012-12-14,89.85
347,2012-12-15,89.85
348,2012-12-16,89.85
349,2012-12-17,90.25
350,2012-12-18,90.65
351,2012-12-19,90.85
352,2012-12-20,90.45
353,2012-12-21,90.2
354,2012-12-22,90.2
355,2012-12-23,90.2
356,2012-12-24,90.35
357,2012-12-25,90.35
358,2012-12-26,90.35
359,2012-12-27,90.35
360,2012-12-28,90.05
361,2012-12-29,90.05
362,2012-12-30,90.05
363,2012-12-31,89.95
364,2013-01-01,89.95
365,2013-01-02,89.7
366,2013-01-03,88.6
367,2013-01-04,88.5
368,2013-01-05,88.5
369,2013-01-06,88.5
370,2013-01-07,87.35
371,2013-01-08,86.7
372,2013-01-09,86.7
373,2013-01-10,86.55
374,2013-01-11,86.45
375,2013-01-12,86.45
376,2013-01-13,86.45
377,2013-01-14,86.15
378,2013-01-15,86.05
379,2013-01-16,86.05
380,2013-01-17,86.55
381,2013-01-18,86.45
382,2013-01-19,86.45
383,2013-01-20,86.45
384,2013-01-21,86.2
385,2013-01-22,86.15
386,2013-01-23,86.05
387,2013-01-24,86.15
388,2013-01-25,86.2
389,2013-01-26,86.2
390,2013-01-27,86.2
391,2013-01-28,87.75
392,2013-01-29,87.15
393,2013-01-30,86.9
394,2013-01-31,86.05
395,2013-02-01,86.25
396,2013-02-02,86.25
397,2013-02-03,86.25
398,2013-02-04,86.2
399,2013-02-05,86.65
400,2013-02-06,86.7
401,2013-02-07,87.05
402,2013-02-08,88.65
403,2013-02-09,88.65
404,2013-02-10,88.65
405,2013-02-11,87.9
406,2013-02-12,87.6
407,2013-02-13,87.55
408,2013-02-14,87.4
409,2013-02-15,87.3
410,2013-02-16,87.3
411,2013-02-17,87.3
412,2013-02-18,87.2
413,2013-02-19,87.6
414,2013-02-20,87.65
415,2013-02-21,87.6
416,2013-02-22,87.65
417,2013-02-23,87.65
418,2013-02-24,87.65
419,2013-02-25,89.35
420,2013-02-26,89.45
421,2013-02-27,89.25
422,2013-02-28,90.6
423,2013-03-01,89.95
424,2013-03-02,89.95
425,2013-03-03,89.95
426,2013-03-04,88.5
427,2013-03-05,88.1
428,2013-03-06,87.6
429,2013-03-07,87.95
430,2013-03-08,87.75
431,2013-03-09,87.75
432,2013-03-10,87.75
433,2013-03-11,87.7
434,2013-03-12,87.9
435,2013-03-13,87.3
436,2013-03-14,87.1
437,2013-03-15,86.9
438,2013-03-16,86.9
439,2013-03-17,86.9
440,2013-03-18,86.5
441,2013-03-19,85.65
442,2013-03-20,85.55
443,2013-03-21,85.35
444,2013-03-22,85.5
445,2013-03-23,85.5
446,2013-03-24,85.5
447,2013-03-25,85.3
448,2013-03-26,85.4
449,2013-03-27,85.15
450,2013-03-28,85.4
451,2013-03-29,85.4
452,2013-03-30,85.4
453,2013-03-31,85.4
454,2013-04-01,85.4
455,2013-04-02,78.25
456,2013-04-03,80.1
457,2013-04-04,80.9
458,2013-04-05,81.5
459,2013-04-06,81.5
460,2013-04-07,81.5
461,2013-04-08,81.5
462,2013-04-09,80.55
463,2013-04-10,80.95
464,2013-04-11,81.6
465,2013-04-12,82.2
466,2013-04-13,82.2
467,2013-04-14,82.2
468,2013-04-15,81.75
469,2013-04-16,82.25
470,2013-04-17,81.65
471,2013-04-18,81.65
472,2013-04-19,82.1
473,2013-04-20,82.1
474,2013-04-21,82.1
475,2013-04-22,82.3
476,2013-04-23,82.65
477,2013-04-24,82.4
478,2013-04-25,82.5
479,2013-04-26,82.25
480,2013-04-27,82.25
481,2013-04-28,82.25
482,2013-04-29,84.9
483,2013-04-30,83.95
484,2013-05-01,83.1
485,2013-05-02,83.3
486,2013-05-03,83.9
487,2013-05-04,83.9
488,2013-05-05,83.9
489,2013-05-06,83.9
490,2013-05-07,83.75
491,2013-05-08,83.75
492,2013-05-09,83.8
493,2013-05-10,83.3
494,2013-05-11,83.3
495,2013-05-12,83.3
496,2013-05-13,82.55
497,2013-05-14,82.75
498,2013-05-15,82.7
499,2013-05-16,82.3
500,2013-05-17,81.95
501,2013-05-18,81.95
502,2013-05-19,81.95
503,2013-05-20,82.0
504,2013-05-21,82.15
505,2013-05-22,82.05
506,2013-05-23,82.1
507,2013-05-24,82.1
508,2013-05-25,82.1
509,2013-05-26,82.1
510,2013-05-27,82.1
511,2013-05-28,82.0
512,2013-05-29,82.1
513,2013-05-30,82.05
514,2013-05-31,82.05
515,2013-06-01,82.05
516,2013-06-02,82.05
517,2013-06-03,78.3
518,2013-06-04,77.7
519,2013-06-05,77.7
520,2013-06-06,77.3
521,2013-06-07,77.15
522,2013-06-08,77.15
523,2013-06-09,77.15
524,2013-06-10,76.4
525,2013-06-11,75.4
526,2013-06-12,75.25
527,2013-06-13,74.5
528,2013-06-14,74.25
529,2013-06-15,74.25
530,2013-06-16,74.25
531,2013-06-17,74.15
532,2013-06-18,74.4
533,2013-06-19,74.55
534,2013-06-20,74.65
535,2013-06-21,74.5
536,2013-06-22,74.5
537,2013-06-23,74.5
538,2013-06-24,74.4
539,2013-06-25,74.65
540,2013-06-26,74.5
541,2013-06-27,74.55
542,2013-06-28,74.55
543,2013-06-29,74.55
544,2013-06-30,74.55
545,2013-07-01,73.7
546,2013-07-02,73.55
547,2013-07-03,74.0
548,2013-07-04,73.95
549,2013-07-05,74.95
550,2013-07-06,74.95
551,2013-07-07,74.95
552,2013-07-08,74.8
553,2013-07-09,74.85
554,2013-07-10,74.6
555,2013-07-11,74.9
556,2013-07-12,74.6
557,2013-07-13,74.6
558,2013-07-14,74.6
559,2013-07-15,74.9
560,2013-07-16,75.1
561,2013-07-17,75.05
562,2013-07-18,74.85
563,2013-07-19,74.6
564,2013-07-20,74.6
565,2013-07-21,74.6
566,2013-07-22,74.4
567,2013-07-23,74.9
568,2013-07-24,74.9
569,2013-07-25,75.0
570,2013-07-26,74.9
571,2013-07-27,74.9
572,2013-07-28,74.9
573,2013-07-29,77.65
574,2013-07-30,77.55
575,2013-07-31,76.35
576,2013-08-01,76.15
577,2013-08-02,75.55
578,2013-08-03,75.55
579,2013-08-04,75.55
580,2013-08-05,75.2
581,2013-08-06,75.1
582,2013-08-07,75.15
583,2013-08-08,75.1
584,2013-08-09,75.4
585,2013-08-10,75.4
586,2013-08-11,75.4
587,2013-08-12,75.3
588,2013-08-13,75.4
589,2013-08-14,75.5
590,2013-08-15,75.45
591,2013-08-16,75.55
592,2013-08-17,75.55
593,2013-08-18,75.55
594,2013-08-19,75.5
595,2013-08-20,75.45
596,2013-08-21,75.45
597,2013-08-22,75.65
598,2013-08-23,75.8
599,2013-08-24,75.8
600,2013-08-25,75.8
601,2013-08-26,75.8
602,2013-08-27,75.55
603,2013-08-28,75.4
604,2013-08-29,75.6
605,2013-08-30,75.6
606,2013-08-31,75.6
607,2013-09-01,75.6
608,2013-09-02,76.45
609,2013-09-03,76.4
610,2013-09-04,76.4
611,2013-09-05,76.7
612,2013-09-06,76.1
613,2013-09-07,76.1
614,2013-09-08,76.1
615,2013-09-09,76.35
616,2013-09-10,76.25
617,2013-09-11,76.45
618,2013-09-12,76.7
619,2013-09-13,77.0
620,2013-09-14,77.0
621,2013-09-15,77.0
622,2013-09-16,76.9
623,2013-09-17,77.7
624,2013-09-18,78.15
625,2013-09-19,78.0
626,2013-09-20,77.7
627,2013-09-21,77.7
628,2013-09-22,77.7
629,2013-09-23,78.3
630,2013-09-24,78.3
631,2013-09-25,78.45
632,2013-09-26,78.45
633,2013-09-27,78.3
634,2013-09-28,78.3
635,2013-09-29,78.3
636,2013-09-30,82.6
637,2013-10-01,81.6
638,2013-10-02,82.55
639,2013-10-03,82.4
640,2013-10-04,82.9
641,2013-10-05,82.9
642,2013-10-06,82.9
643,2013-10-07,83.05
644,2013-10-08,82.8
645,2013-10-09,82.7
646,2013-10-10,82.8
647,2013-10-11,82.4
648,2013-10-12,82.4
649,2013-10-13,82.4
650,2013-10-14,82.5
651,2013-10-15,82.4
652,2013-10-16,82.8
653,2013-10-17,83.45
654,2013-10-18,83.7
655,2013-10-19,83.7
656,2013-10-20,83.7
657,2013-10-21,83.8
658,2013-10-22,83.8
659,2013-10-23,83.75
660,2013-10-24,83.9
661,2013-10-25,83.95
662,2013-10-26,83.95
663,2013-10-27,83.95
664,2013-10-28,86.4
665,2013-10-29,86.25
666,2013-10-30,85.75
667,2013-10-31,83.75
668,2013-11-01,83.1
669,2013-11-02,83.1
670,2013-11-03,83.1
671,2013-11-04,83.05
672,2013-11-05,83.25
673,2013-11-06,84.0
674,2013-11-07,84.35
675,2013-11-08,84.05
676,2013-11-09,84.05
677,2013-11-10,84.05
678,2013-11-11,84.1
679,2013-11-12,83.25
680,2013-11-13,83.15
681,2013-11-14,83.4
682,2013-11-15,83.8
683,2013-11-16,83.8
684,2013-11-17,83.8
685,2013-11-18,83.75
686,2013-11-19,83.85
687,2013-11-20,84.5
688,2013-11-21,84.4
689,2013-11-22,84.4
690,2013-11-23,84.4
691,2013-11-24,84.4
692,2013-11-25,84.05
693,2013-11-26,84.45
694,2013-11-27,84.35
695,2013-11-28,84.5
696,2013-11-29,84.4
697,2013-11-30,84.4
698,2013-12-01,84.4
699,2013-12-02,82.25
700,2013-12-03,82.25
701,2013-12-04,81.95
702,2013-12-05,82.6
703,2013-12-06,83.35
704,2013-12-07,83.35
705,2013-12-08,83.35
706,2013-12-09,83.65
707,2013-12-10,84.6
708,2013-12-11,85.15
709,2013-12-12,85.8
710,2013-12-13,85.9
711,2013-12-14,85.9
712,2013-12-15,85.9
713,2013-12-16,85.45
714,2013-12-17,85.3
715,2013-12-18,85.2
716,2013-12-19,84.95
717,2013-12-20,85.0
718,2013-12-21,85.0
719,2013-12-22,85.0
720,2013-12-23,84.9
721,2013-12-24,84.9
722,2013-12-25,84.9
723,2013-12-26,84.9
724,2013-12-27,85.05
725,2013-12-28,85.05
726,2013-12-29,85.05
727,2013-12-30,81.75
728,2013-12-31,81.55
729,2014-01-01,81.55
730,2014-01-02,80.75
731,2014-01-03,79.5
732,2014-01-04,79.5
733,2014-01-05,79.5
734,2014-01-06,79.75
735,2014-01-07,79.6
736,2014-01-08,81.9
737,2014-01-09,84.0
738,2014-01-10,83.6
739,2014-01-11,83.6
740,2014-01-12,83.6
741,2014-01-13,83.9
742,2014-01-14,83.8
743,2014-01-15,84.4
744,2014-01-16,84.5
745,2014-01-17,84.35
746,2014-01-18,84.35
747,2014-01-19,84.35
748,2014-01-20,84.0
749,2014-01-21,83.8
750,2014-01-22,83.35
751,2014-01-23,83.25
752,2014-01-24,83.3
753,2014-01-25,83.3
754,2014-01-26,83.3
755,2014-01-27,83.3
756,2014-01-28,83.3
757,2014-01-29,83.25
758,2014-01-30,83.2
759,2014-01-31,83.2
760,2014-02-01,83.2
761,2014-02-02,83.2
762,2014-02-03,79.65
763,2014-02-04,79.45
764,2014-02-05,80.15
765,2014-02-06,80.05
766,2014-02-07,79.4
767,2014-02-08,79.4
768,2014-02-09,79.4
769,2014-02-10,79.05
770,2014-02-11,79.3
771,2014-02-12,79.4
772,2014-02-13,79.15
773,2014-02-14,79.3
774,2014-02-15,79.3
775,2014-02-16,79.3
776,2014-02-17,78.8
777,2014-02-18,78.65
778,2014-02-19,77.8
779,2014-02-20,77.55
780,2014-02-21,77.4
781,2014-02-22,77.4
782,2014-02-23,77.4
783,2014-02-24,77.15
784,2014-02-25,77.1
785,2014-02-26,77.1
786,2014-02-27,77.1
787,2014-02-28,77.1
788,2014-03-01,77.1
789,2014-03-02,77.1
790,2014-03-03,74.3
791,2014-03-04,73.25
792,2014-03-05,73.15
793,2014-03-06,73.75
794,2014-03-07,73.7
795,2014-03-08,73.7
796,2014-03-09,73.7
797,2014-03-10,73.6
798,2014-03-11,74.75
799,2014-03-12,75.35
800,2014-03-13,75.45
801,2014-03-14,75.65
802,2014-03-15,75.65
803,2014-03-16,75.65
804,2014-03-17,75.9
805,2014-03-18,75.5
806,2014-03-19,75.4
807,2014-03-20,75.2
808,2014-03-21,75.4
809,2014-03-22,75.4
810,2014-03-23,75.4
811,2014-03-24,75.35
812,2014-03-25,75.1
813,2014-03-26,75.1
814,2014-03-27,75.1
815,2014-03-28,75.2
816,2014-03-29,75.2
817,2014-03-30,75.2
818,2014-03-31,77.55
819,2014-04-01,77.05
820,2014-04-02,76.15
821,2014-04-03,76.45
822,2014-04-04,76.2
823,2014-04-05,76.2
824,2014-04-06,76.2
825,2014-04-07,76.65
826,2014-04-08,76.05
827,2014-04-09,76.0
828,2014-04-10,76.8
829,2014-04-11,76.7
830,2014-04-12,76.7
831,2014-04-13,76.7
832,2014-04-14,76.95
833,2014-04-15,77.25
834,2014-04-16,77.5
835,2014-04-17,76.85
836,2014-04-18,76.85
837,2014-04-19,76.85
838,2014-04-20,76.85
839,2014-04-21,76.85
840,2014-04-22,76.75
841,2014-04-23,76.85
842,2014-04-24,76.8
843,2014-04-25,76.85
844,2014-04-26,76.85
845,2014-04-27,76.85
846,2014-04-28,76.65
847,2014-04-29,76.15
848,2014-04-30,75.05
849,2014-05-01,74.9
850,2014-05-02,75.0
851,2014-05-03,75.0
852,2014-05-04,75.0
853,2014-05-05,75.0
854,2014-05-06,75.3
855,2014-05-07,74.85
856,2014-05-08,75.15
857,2014-05-09,75.25
858,2014-05-10,75.25
859,2014-05-11,75.25
860,2014-05-12,75.0
861,2014-05-13,75.1
862,2014-05-14,75.3
863,2014-05-15,75.3
864,2014-05-16,75.25
865,2014-05-17,75.25
866,2014-05-18,75.25
867,2014-05-19,75.1
868,2014-05-20,74.9
869,2014-05-21,74.95
870,2014-05-22,75.1
871,2014-05-23,75.0
872,2014-05-24,75.0
873,2014-05-25,75.0
874,2014-05-26,75.0
875,2014-05-27,74.8
876,2014-05-28,74.8
877,2014-05-29,74.8
878,2014-05-30,74.75
879,2014-05-31,74.75
880,2014-06-01,74.75
881,2014-06-02,74.2
882,2014-06-03,74.15
883,2014-06-04,73.9
884,2014-06-05,72.95
885,2014-06-06,72.75
886,2014-06-07,72.75
887,2014-06-08,72.75
888,2014-06-09,72.75
889,2014-06-10,72.7
890,2014-06-11,72.6
891,2014-06-12,72.6
892,2014-06-13,72.9
893,2014-06-14,72.9
894,2014-06-15,72.9
895,2014-06-16,73.05
896,2014-06-17,72.8
897,2014-06-18,72.55
898,2014-06-19,72.65
899,2014-06-20,72.5
900,2014-06-21,72.5
901,2014-06-22,72.5
902,2014-06-23,72.4
903,2014-06-24,72.25
904,2014-06-25,72.4
905,2014-06-26,72.35
906,2014-06-27,72.35
907,2014-06-28,72.35
908,2014-06-29,72.35
909,2014-06-30,73.2
910,2014-07-01,73.45
911,2014-07-02,73.25
912,2014-07-03,72.8
913,2014-07-04,72.85
914,2014-07-05,72.85
915,2014-07-06,72.85
916,2014-07-07,72.9
917,2014-07-08,72.8
918,2014-07-09,72.4
919,2014-07-10,72.4
920,2014-07-11,72.4
921,2014-07-12,72.4
922,2014-07-13,72.4
923,2014-07-14,72.8
924,2014-07-15,72.85
925,2014-07-16,72.8
926,2014-07-17,72.95
927,2014-07-18,73.0
928,2014-07-19,73.0
929,2014-07-20,73.0
930,2014-07-21,73.1
931,2014-07-22,73.25
932,2014-07-23,73.45
933,2014-07-24,73.6
934,2014-07-25,73.5
935,2014-07-26,73.5
936,2014-07-27,73.5
937,2014-07-28,78.45
938,2014-07-29,77.45
939,2014-07-30,76.45
940,2014-07-31,76.3
941,2014-08-01,76.3
942,2014-08-02,76.3
943,2014-08-03,76.3
944,2014-08-04,76.6
945,2014-08-05,77.0
946,2014-08-06,77.25
947,2014-08-07,77.85
948,2014-08-08,78.25
949,2014-08-09,78.25
950,2014-08-10,78.25
951,2014-08-11,77.55
952,2014-08-12,77.4
953,2014-08-13,77.45
954,2014-08-14,76.85
955,2014-08-15,77.65
956,2014-08-16,77.65
957,2014-08-17,77.65
958,2014-08-18,76.85
959,2014-08-19,76.75
960,2014-08-20,76.9
961,2014-08-21,77.0
962,2014-08-22,76.9
963,2014-08-23,76.9
964,2014-08-24,76.9
965,2014-08-25,76.9
966,2014-08-26,77.0
967,2014-08-27,77.0
968,2014-08-28,77.0
969,2014-08-29,76.95
970,2014-08-30,76.95
971,2014-08-31,76.95
972,2014-09-01,77.15
973,2014-09-02,76.55
974,2014-09-03,76.15
975,2014-09-04,75.6
976,2014-09-05,75.2
977,2014-09-06,75.2
978,2014-09-07,75.2
979,2014-09-08,75.9
980,2014-09-09,75.2
981,2014-09-10,75.35
982,2014-09-11,75.5
983,2014-09-12,75.75
984,2014-09-13,75.75
985,2014-09-14,75.75
986,2014-09-15,75.55
987,2014-09-16,75.25
988,2014-09-17,75.25
989,2014-09-18,75.2
990,2014-09-19,75.1
991,2014-09-20,75.1
992,2014-09-21,75.1
993,2014-09-22,75.05
994,2014-09-23,75.05
995,2014-09-24,75.0
996,2014-09-25,75.0
997,2014-09-26,75.0
998,2014-09-27,75.0
999,2014-09-28,75.0
1000,2014-09-29,72.15
1001,2014-09-30,72.2
1002,2014-10-01,72.65
1003,2014-10-02,73.2
1004,2014-10-03,72.4
1005,2014-10-04,72.4
1006,2014-10-05,72.4
1007,2014-10-06,72.2
1008,2014-10-07,72.35
1009,2014-10-08,72.65
1010,2014-10-09,72.35
1011,2014-10-10,72.45
1012,2014-10-11,72.45
1013,2014-10-12,72.45
1014,2014-10-13,72.2
1015,2014-10-14,72.1
1016,2014-10-15,72.15
1017,2014-10-16,71.95
1018,2014-10-17,71.95
1019,2014-10-18,71.95
1020,2014-10-19,71.95
1021,2014-10-20,72.0
1022,2014-10-21,72.2
1023,2014-10-22,72.9
1024,2014-10-23,73.0
1025,2014-10-24,72.95
1026,2014-10-25,72.95
1027,2014-10-26,72.95
1028,2014-10-27,72.85
1029,2014-10-28,72.7
1030,2014-10-29,72.85
1031,2014-10-30,72.85
1032,2014-10-31,72.85
1033,2014-11-01,72.85
1034,2014-11-02,72.85
1035,2014-11-03,72.0
1036,2014-11-04,71.55
1037,2014-11-05,71.55
1038,2014-11-06,71.25
1039,2014-11-07,71.9
1040,2014-11-08,71.9
1041,2014-11-09,71.9
1042,2014-11-10,73.05
1043,2014-11-11,73.65
1044,2014-11-12,73.4
1045,2014-11-13,73.65
1046,2014-11-14,73.4
1047,2014-11-15,73.4
1048,2014-11-16,73.4
1049,2014-11-17,73.9
1050,2014-11-18,74.15
1051,2014-11-19,73.95
1052,2014-11-20,73.9
1053,2014-11-21,74.05
1054,2014-11-22,74.05
1055,2014-11-23,74.05
1056,2014-11-24,73.95
1057,2014-11-25,74.05
1058,2014-11-26,74.05
1059,2014-11-27,74.05
1060,2014-11-28,73.9
1061,2014-11-29,73.9
1062,2014-11-30,73.9
1063,2014-12-01,73.15
1064,2014-12-02,72.6
1065,2014-12-03,72.2
1066,2014-12-04,72.15
1067,2014-12-05,72.0
1068,2014-12-06,72.0
1069,2014-12-07,72.0
1070,2014-12-08,71.7
1071,2014-12-09,71.8
1072,2014-12-10,71.65
1073,2014-12-11,71.85
1074,2014-12-12,71.5
1075,2014-12-13,71.5
1076,2014-12-14,71.5
1077,2014-12-15,71.55
1078,2014-12-16,71.3
1079,2014-12-17,71.25
1080,2014-12-18,71.3
1081,2014-12-19,71.25
1082,2014-12-20,71.25
1083,2014-12-21,71.25
1084,2014-12-22,71.3
1085,2014-12-23,71.15
1086,2014-12-24,71.1
1087,2014-12-25,71.1
1088,2014-12-26,71.1
1089,2014-12-27,71.1
1090,2014-12-28,71.1
1091,2014-12-29,67.25
1092,2014-12-30,66.8
1093,2014-12-31,66.75
1094,2015-01-01,66.75
1095,2015-01-02,65.5
1096,2015-01-03,65.5
1097,2015-01-04,65.5
1098,2015-01-05,63.75
1099,2015-01-06,62.7
1100,2015-01-07,60.85
1101,2015-01-08,60.6
1102,2015-01-09,60.1
1103,2015-01-10,60.1
1104,2015-01-11,60.1
1105,2015-01-12,59.35
1106,2015-01-13,59.65
1107,2015-01-14,58.8
1108,2015-01-15,58.2
1109,2015-01-16,57.9
1110,2015-01-17,57.9
1111,2015-01-18,57.9
1112,2015-01-19,58.05
1113,2015-01-20,58.1
1114,2015-01-21,58.65
1115,2015-01-22,58.6
1116,2015-01-23,58.55
1117,2015-01-24,58.55
1118,2015-01-25,58.55
1119,2015-01-26,58.55
1120,2015-01-27,58.6
1121,2015-01-28,58.75
1122,2015-01-29,58.85
1123,2015-01-30,58.8
1124,2015-01-31,58.8
1125,2015-02-01,58.8
1126,2015-02-02,57.7
1127,2015-02-03,58.6
1128,2015-02-04,58.75
1129,2015-02-05,60.8
1130,2015-02-06,61.25
1131,2015-02-07,61.25
1132,2015-02-08,61.25
1133,2015-02-09,61.75
1134,2015-02-10,61.65
1135,2015-02-11,62.15
1136,2015-02-12,62.75
1137,2015-02-13,62.45
1138,2015-02-14,62.45
1139,2015-02-15,62.45
1140,2015-02-16,62.55
1141,2015-02-17,62.45
1142,2015-02-18,62.45
1143,2015-02-19,62.0
1144,2015-02-20,62.25
1145,2015-02-21,62.25
1146,2015-02-22,62.25
1147,2015-02-23,62.05
1148,2015-02-24,61.75
1149,2015-02-25,61.6
1150,2015-02-26,61.8
1151,2015-02-27,61.8
1152,2015-02-28,61.8
1153,2015-03-01,61.8
1154,2015-03-02,63.1
1155,2015-03-03,62.35
1156,2015-03-04,62.8
1157,2015-03-05,62.6
1158,2015-03-06,61.65
1159,2015-03-07,61.65
1160,2015-03-08,61.65
1161,2015-03-09,61.95
1162,2015-03-10,61.9
1163,2015-03-11,62.1
1164,2015-03-12,62.1
1165,2015-03-13,61.95
1166,2015-03-14,61.95
1167,2015-03-15,61.95
1168,2015-03-16,61.5
1169,2015-03-17,61.35
1170,2015-03-18,61.45
1171,2015-03-19,61.0
1172,2015-03-20,60.95
1173,2015-03-21,60.95
1174,2015-03-22,60.95
1175,2015-03-23,60.9
1176,2015-03-24,60.9
1177,2015-03-25,61.0
1178,2015-03-26,60.9
1179,2015-03-27,61.05
1180,2015-03-28,61.05
1181,2015-03-29,61.05
1182,2015-03-30,59.2
1183,2015-03-31,58.85
1184,2015-04-01,58.7
1185,2015-04-02,58.55
1186,2015-04-03,58.55
1187,2015-04-04,58.55
1188,2015-04-05,58.55
1189,2015-04-06,58.55
1190,2015-04-07,57.65
1191,2015-04-08,57.4
1192,2015-04-09,58.4
1193,2015-04-10,59.05
1194,2015-04-11,59.05
1195,2015-04-12,59.05
1196,2015-04-13,59.6
1197,2015-04-14,59.5
1198,2015-04-15,59.6
1199,2015-04-16,59.95
1200,2015-04-17,59.95
1201,2015-04-18,59.95
1202,2015-04-19,59.95
1203,2015-04-20,59.9
1204,2015-04-21,59.75
1205,2015-04-22,59.55
1206,2015-04-23,59.6
1207,2015-04-24,59.65
1208,2015-04-25,59.65
1209,2015-04-26,59.65
1210,2015-04-27,59.4
1211,2015-04-28,59.4
1212,2015-04-29,59.95
1213,2015-04-30,59.8
1214,2015-05-01,59.9
1215,2015-05-02,59.9
1216,2015-05-03,59.9
1217,2015-05-04,59.9
1218,2015-05-05,60.15
1219,2015-05-06,60.0
1220,2015-05-07,59.65
1221,2015-05-08,59.55
1222,2015-05-09,59.55
1223,2015-05-10,59.55
1224,2015-05-11,59.5
1225,2015-05-12,59.35
1226,2015-05-13,59.35
1227,2015-05-14,59.15
1228,2015-05-15,59.05
1229,2015-05-16,59.05
1230,2015-05-17,59.05
1231,2015-05-18,59.05
1232,2015-05-19,58.9
1233,2015-05-20,58.9
1234,2015-05-21,58.75
1235,2015-05-22,58.75
1236,2015-05-23,58.75
1237,2015-05-24,58.75
1238,2015-05-25,58.75
1239,2015-05-26,58.75
1240,2015-05-27,58.8
1241,2015-05-28,58.8
1242,2015-05-29,58.85
1243,2015-05-30,58.85
1244,2015-05-31,58.85
1245,2015-06-01,57.65
1246,2015-06-02,58.2
1247,2015-06-03,57.4
1248,2015-06-04,56.9
1249,2015-06-05,56.8
1250,2015-06-06,56.8
1251,2015-06-07,56.8
1252,2015-06-08,56.8
1253,2015-06-09,56.75
1254,2015-06-10,56.8
1255,2015-06-11,57.3
1256,2015-06-12,57.75
1257,2015-06-13,57.75
1258,2015-06-14,57.75
1259,2015-06-15,57.9
1260,2015-06-16,57.85
1261,2015-06-17,58.0
1262,2015-06-18,58.0
1263,2015-06-19,58.0
1264,2015-06-20,58.0
1265,2015-06-21,58.0
1266,2015-06-22,58.3
1267,2015-06-23,58.15
1268,2015-06-24,58.1
1269,2015-06-25,58.2
1270,2015-06-26,58.2
1271,2015-06-27,58.2
1272,2015-06-28,58.2
1273,2015-06-29,59.1
1274,2015-06-30,60.2
1275,2015-07-01,59.75
1276,2015-07-02,59.5
1277,2015-07-03,58.95
1278,2015-07-04,58.95
1279,2015-07-05,58.95
1280,2015-07-06,58.5
1281,2015-07-07,58.15
1282,2015-07-08,58.35
1283,2015-07-09,58.5
1284,2015-07-10,58.75
1285,2015-07-11,58.75
1286,2015-07-12,58.75
1287,2015-07-13,58.55
1288,2015-07-14,58.55
1289,2015-07-15,58.35
1290,2015-07-16,58.35
1291,2015-07-17,58.4
1292,2015-07-18,58.4
1293,2015-07-19,58.4
1294,2015-07-20,58.55
1295,2015-07-21,58.6
1296,2015-07-22,58.6
1297,2015-07-23,58.5
1298,2015-07-24,58.55
1299,2015-07-25,58.55
1300,2015-07-26,58.55
1301,2015-07-27,58.55
1302,2015-07-28,58.45
1303,2015-07-29,58.45
1304,2015-07-30,58.45
1305,2015-07-31,58.45
1306,2015-08-01,58.45
1307,2015-08-02,58.45
1308,2015-08-03,56.4
1309,2015-08-04,57.05
1310,2015-08-05,57.5
1311,2015-08-06,57.85
1312,2015-08-07,57.15
1313,2015-08-08,57.15
1314,2015-08-09,57.15
1315,2015-08-10,57.4
1316,2015-08-11,56.4
1317,2015-08-12,56.4
1318,2015-08-13,56.55
1319,2015-08-14,56.3
1320,2015-08-15,56.3
1321,2015-08-16,56.3
1322,2015-08-17,56.3
1323,2015-08-18,56.05
1324,2015-08-19,55.95
1325,2015-08-20,55.95
1326,2015-08-21,55.9
1327,2015-08-22,55.9
1328,2015-08-23,55.9
1329,2015-08-24,55.8
1330,2015-08-25,55.8
1331,2015-08-26,55.8
1332,2015-08-27,55.8
1333,2015-08-28,55.8
1334,2015-08-29,55.8
1335,2015-08-30,55.8
1336,2015-08-31,55.8
1337,2015-09-01,54.95
1338,2015-09-02,54.85
1339,2015-09-03,55.15
1340,2015-09-04,54.55
1341,2015-09-05,54.55
1342,2015-09-06,54.55
1343,2015-09-07,53.65
1344,2015-09-08,53.9
1345,2015-09-09,53.6
1346,2015-09-10,53.8
1347,2015-09-11,53.85
1348,2015-09-12,53.85
1349,2015-09-13,53.85
1350,2015-09-14,53.65
1351,2015-09-15,53.55
1352,2015-09-16,54.15
1353,2015-09-17,54.15
1354,2015-09-18,54.1
1355,2015-09-19,54.1
1356,2015-09-20,54.1
1357,2015-09-21,54.0
1358,2015-09-22,53.9
1359,2015-09-23,53.9
1360,2015-09-24,53.85
1361,2015-09-25,53.85
1362,2015-09-26,53.85
1363,2015-09-27,53.85
1364,2015-09-28,52.05
1365,2015-09-29,52.1
1366,2015-09-30,51.4
1367,2015-10-01,51.0
1368,2015-10-02,51.1
1369,2015-10-03,51.1
1370,2015-10-04,51.1
1371,2015-10-05,52.0
1372,2015-10-06,52.65
1373,2015-10-07,52.25
1374,2015-10-08,52.15
1375,2015-10-09,52.4
1376,2015-10-10,52.4
1377,2015-10-11,52.4
1378,2015-10-12,52.05
1379,2015-10-13,51.9
1380,2015-10-14,51.65
1381,2015-10-15,51.75
1382,2015-10-16,51.85
1383,2015-10-17,51.85
1384,2015-10-18,51.85
1385,2015-10-19,51.85
1386,2015-10-20,51.9
1387,2015-10-21,51.9
1388,2015-10-22,51.95
1389,2015-10-23,52.15
1390,2015-10-24,52.15
1391,2015-10-25,52.15
1392,2015-10-26,52.45
1393,2015-10-27,52.65
1394,2015-10-28,52.55
1395,2015-10-29,52.5
1396,2015-10-30,52.45
1397,2015-10-31,52.45
1398,2015-11-01,52.45
1399,2015-11-02,53.2
1400,2015-11-03,53.6
1401,2015-11-04,53.15
1402,2015-11-05,53.15
1403,2015-11-06,53.3
1404,2015-11-07,53.3
1405,2015-11-08,53.3
1406,2015-11-09,53.0
1407,2015-11-10,53.25
1408,2015-11-11,53.5
1409,2015-11-12,53.45
1410,2015-11-13,53.45
1411,2015-11-14,53.45
1412,2015-11-15,53.45
1413,2015-11-16,53.95
1414,2015-11-17,54.45
1415,2015-11-18,54.6
1416,2015-11-19,54.55
1417,2015-11-20,54.35
1418,2015-11-21,54.35
1419,2015-11-22,54.35
1420,2015-11-23,54.0
1421,2015-11-24,53.95
1422,2015-11-25,53.95
1423,2015-11-26,53.85
1424,2015-11-27,53.85
1425,2015-11-28,53.85
1426,2015-11-29,53.85
1427,2015-11-30,49.95
1428,2015-12-01,49.7
1429,2015-12-02,49.1
1430,2015-12-03,48.95
1431,2015-12-04,48.55
1432,2015-12-05,48.55
1433,2015-12-06,48.55
1434,2015-12-07,47.75
1435,2015-12-08,47.4
1436,2015-12-09,47.45
1437,2015-12-10,47.4
1438,2015-12-11,47.35
1439,2015-12-12,47.35
1440,2015-12-13,47.35
1441,2015-12-14,47.65
1442,2015-12-15,47.7
1443,2015-12-16,47.75
1444,2015-12-17,47.75
1445,2015-12-18,47.8
1446,2015-12-19,47.8
1447,2015-12-20,47.8
1448,2015-12-21,47.6
1449,2015-12-22,47.6
1450,2015-12-23,47.8
1451,2015-12-24,47.8
1452,2015-12-25,47.8
1453,2015-12-26,47.8
1454,2015-12-27,47.8
1455,2015-12-28,47.0
1456,2015-12-29,47.4
1457,2015-12-30,47.4
1458,2015-12-31,47.45
1459,2016-01-01,47.45
1460,2016-01-02,47.45
1461,2016-01-03,47.45
1462,2016-01-04,47.7
1463,2016-01-05,47.75
1464,2016-01-06,48.45
1465,2016-01-07,48.5
1466,2016-01-08,47.15
1467,2016-01-09,47.15
1468,2016-01-10,47.15
1469,2016-01-11,46.7
1470,2016-01-12,46.2
1471,2016-01-13,45.85
1472,2016-01-14,45.7
1473,2016-01-15,45.35
1474,2016-01-16,45.35
1475,2016-01-17,45.35
1476,2016-01-18,45.3
1477,2016-01-19,45.45
1478,2016-01-20,45.45
1479,2016-01-21,45.8
1480,2016-01-22,45.85
1481,2016-01-23,45.85
1482,2016-01-24,45.85
1483,2016-01-25,45.7
1484,2016-01-26,45.7
1485,2016-01-27,45.7
1486,2016-01-28,45.75
1487,2016-01-29,45.75
1488,2016-01-30,45.75
1489,2016-01-31,45.75
1490,2016-02-01,44.3
1491,2016-02-02,45.05
1492,2016-02-03,45.2
1493,2016-02-04,44.5
1494,2016-02-05,44.15
1495,2016-02-06,44.15
1496,2016-02-07,44.15
1497,2016-02-08,44.15
1498,2016-02-09,43.7
1499,2016-02-10,43.6
1500,2016-02-11,43.6
1501,2016-02-12,43.55
1502,2016-02-13,43.55
1503,2016-02-14,43.55
1504,2016-02-15,43.5
1505,2016-02-16,43.45
1506,2016-02-17,43.55
1507,2016-02-18,43.4
1508,2016-02-19,43.5
1509,2016-02-20,43.5
1510,2016-02-21,43.5
1511,2016-02-22,43.6
1512,2016-02-23,44.0
1513,2016-02-24,43.85
1514,2016-02-25,43.8
1515,2016-02-26,43.85
1516,2016-02-27,43.85
1517,2016-02-28,43.85
1518,2016-02-29,44.3
1519,2016-03-01,44.75
1520,2016-03-02,44.7
1521,2016-03-03,45.95
1522,2016-03-04,46.35
1523,2016-03-05,46.35
1524,2016-03-06,46.35
1525,2016-03-07,46.7
1526,2016-03-08,46.3
1527,2016-03-09,46.55
1528,2016-03-10,46.55
1529,2016-03-11,46.4
1530,2016-03-12,46.4
1531,2016-03-13,46.4
1532,2016-03-14,45.9
1533,2016-03-15,45.9
1534,2016-03-16,45.95
1535,2016-03-17,46.4
1536,2016-03-18,46.6
1537,2016-03-19,46.6
1538,2016-03-20,46.6
1539,2016-03-21,46.55
1540,2016-03-22,46.3
1541,2016-03-23,46.25
1542,2016-03-24,46.25
1543,2016-03-25,46.25
1544,2016-03-26,46.25
1545,2016-03-27,46.25
1546,2016-03-28,44.6
1547,2016-03-29,44.45
1548,2016-03-30,44.6
1549,2016-03-31,44.95
1550,2016-04-01,44.85
1551,2016-04-02,44.85
1552,2016-04-03,44.85
1553,2016-04-04,44.6
1554,2016-04-05,44.7
1555,2016-04-06,44.45
1556,2016-04-07,43.95
1557,2016-04-08,44.7
1558,2016-04-09,44.7
1559,2016-04-10,44.7
1560,2016-04-11,44.95
1561,2016-04-12,44.85
1562,2016-04-13,44.85
1563,2016-04-14,45.6
1564,2016-04-15,45.75
1565,2016-04-16,45.75
1566,2016-04-17,45.75
1567,2016-04-18,46.05
1568,2016-04-19,46.05
1569,2016-04-20,45.75
1570,2016-04-21,45.55
1571,2016-04-22,45.65
1572,2016-04-23,45.65
1573,2016-04-24,45.65
1574,2016-04-25,45.65
1575,2016-04-26,45.7
1576,2016-04-27,45.7
1577,2016-04-28,45.75
1578,2016-04-29,45.75
1579,2016-04-30,45.75
1580,2016-05-01,45.75
1581,2016-05-02,45.85
1582,2016-05-03,45.45
1583,2016-05-04,45.8
1584,2016-05-05,46.4
1585,2016-05-06,47.25
1586,2016-05-07,47.25
1587,2016-05-08,47.25
1588,2016-05-09,47.2
1589,2016-05-10,47.35
1590,2016-05-11,47.85
1591,2016-05-12,47.9
1592,2016-05-13,47.9
1593,2016-05-14,47.9
1594,2016-05-15,47.9
1595,2016-05-16,48.2
1596,2016-05-17,48.25
1597,2016-05-18,48.05
1598,2016-05-19,47.85
1599,2016-05-20,48.0
1600,2016-05-21,48.0
1601,2016-05-22,48.0
1602,2016-05-23,47.8
1603,2016-05-24,47.9
1604,2016-05-25,48.05
1605,2016-05-26,48.2
1606,2016-05-27,48.2
1607,2016-05-28,48.2
1608,2016-05-29,48.2
1609,2016-05-30,50.9
1610,2016-05-31,51.15
1611,2016-06-01,50.75
1612,2016-06-02,51.1
1613,2016-06-03,51.8
1614,2016-06-04,51.8
1615,2016-06-05,51.8
1616,2016-06-06,52.6
1617,2016-06-07,51.95
1618,2016-06-08,51.0
1619,2016-06-09,50.75
1620,2016-06-10,50.35
1621,2016-06-11,50.35
1622,2016-06-12,50.35
1623,2016-06-13,50.4
1624,2016-06-14,50.45
1625,2016-06-15,50.6
1626,2016-06-16,50.7
1627,2016-06-17,50.9
1628,2016-06-18,50.9
1629,2016-06-19,50.9
1630,2016-06-20,51.5
1631,2016-06-21,51.2
1632,2016-06-22,51.3
1633,2016-06-23,51.3
1634,2016-06-24,51.3
1635,2016-06-25,51.3
1636,2016-06-26,51.3
1637,2016-06-27,53.0
1638,2016-06-28,53.45
1639,2016-06-29,53.75
1640,2016-06-30,55.0
1641,2016-07-01,56.4
1642,2016-07-02,56.4
1643,2016-07-03,56.4
1644,2016-07-04,57.05
1645,2016-07-05,56.55
1646,2016-07-06,56.55
1647,2016-07-07,57.1
1648,2016-07-08,56.45
1649,2016-07-09,56.45
1650,2016-07-10,56.45
1651,2016-07-11,56.35
1652,2016-07-12,57.7
1653,2016-07-13,58.2
1654,2016-07-14,58.1
1655,2016-07-15,57.95
1656,2016-07-16,57.95
1657,2016-07-17,57.95
1658,2016-07-18,57.6
1659,2016-07-19,57.15
1660,2016-07-20,56.95
1661,2016-07-21,56.95
1662,2016-07-22,56.7
1663,2016-07-23,56.7
1664,2016-07-24,56.7
1665,2016-07-25,57.0
1666,2016-07-26,57.1
1667,2016-07-27,57.2
1668,2016-07-28,57.15
1669,2016-07-29,57.15
1670,2016-07-30,57.15
1671,2016-07-31,57.15
1672,2016-08-01,61.75
1673,2016-08-02,61.6
1674,2016-08-03,61.1
1675,2016-08-04,59.15
1676,2016-08-05,57.75
1677,2016-08-06,57.75
1678,2016-08-07,57.75
1679,2016-08-08,60.15
1680,2016-08-09,60.8
1681,2016-08-10,59.7
1682,2016-08-11,61.0
1683,2016-08-12,61.45
1684,2016-08-13,61.45
1685,2016-08-14,61.45
1686,2016-08-15,61.0
1687,2016-08-16,61.05
1688,2016-08-17,61.05
1689,2016-08-18,60.5
1690,2016-08-19,60.1
1691,2016-08-20,60.1
1692,2016-08-21,60.1
1693,2016-08-22,60.35
1694,2016-08-23,60.05
1695,2016-08-24,59.9
1696,2016-08-25,60.2
1697,2016-08-26,60.3
1698,2016-08-27,60.3
1699,2016-08-28,60.3
1700,2016-08-29,59.75
1701,2016-08-30,61.2
1702,2016-08-31,61.3
1703,2016-09-01,61.25
1704,2016-09-02,61.9
1705,2016-09-03,61.9
1706,2016-09-04,61.9
1707,2016-09-05,61.55
1708,2016-09-06,61.75
1709,2016-09-07,60.5
1710,2016-09-08,59.85
1711,2016-09-09,60.1
1712,2016-09-10,60.1
1713,2016-09-11,60.1
1714,2016-09-12,60.35
1715,2016-09-13,60.8
1716,2016-09-14,60.5
1717,2016-09-15,61.1
1718,2016-09-16,61.1
1719,2016-09-17,61.1
1720,2016-09-18,61.1
1721,2016-09-19,61.5
1722,2016-09-20,61.5
1723,2016-09-21,62.25
1724,2016-09-22,62.1
1725,2016-09-23,62.6
1726,2016-09-24,62.6
1727,2016-09-25,62.6
1728,2016-09-26,62.55
1729,2016-09-27,62.25
1730,2016-09-28,62.8
1731,2016-09-29,62.85
1732,2016-09-30,62.8
1733,2016-10-01,62.8
1734,2016-10-02,62.8
1735,2016-10-03,74.75
1736,2016-10-04,75.6
1737,2016-10-05,75.7
1738,2016-10-06,77.2
1739,2016-10-07,76.75
1740,2016-10-08,76.75
1741,2016-10-09,76.75
1742,2016-10-10,75.65
1743,2016-10-11,74.3
1744,2016-10-12,74.9
1745,2016-10-13,75.0
1746,2016-10-14,75.75
1747,2016-10-15,75.75
1748,2016-10-16,75.75
1749,2016-10-17,77.45
1750,2016-10-18,80.1
1751,2016-10-19,78.25
1752,2016-10-20,78.5
1753,2016-10-21,79.15
1754,2016-10-22,79.15
1755,2016-10-23,79.15
1756,2016-10-24,79.25
1757,2016-10-25,79.25
1758,2016-10-26,79.5
1759,2016-10-27,79.45
1760,2016-10-28,79.55
1761,2016-10-29,79.55
1762,2016-10-30,79.55
1763,2016-10-31,84.35
1764,2016-11-01,85.9
1765,2016-11-02,84.6
1766,2016-11-03,85.5
1767,2016-11-04,87.05
1768,2016-11-05,87.05
1769,2016-11-06,87.05
1770,2016-11-07,87.75
1771,2016-11-08,87.1
1772,2016-11-09,89.55
1773,2016-11-10,88.9
1774,2016-11-11,89.4
1775,2016-11-12,89.4
1776,2016-11-13,89.4
1777,2016-11-14,87.95
1778,2016-11-15,88.2
1779,2016-11-16,86.5
1780,2016-11-17,86.5
1781,2016-11-18,86.35
1782,2016-11-19,86.35
1783,2016-11-20,86.35
1784,2016-11-21,86.8
1785,2016-11-22,87.15
1786,2016-11-23,85.05
1787,2016-11-24,86.65
1788,2016-11-25,87.0
1789,2016-11-26,87.0
1790,2016-11-27,87.0
1791,2016-11-28,84.35
1792,2016-11-29,84.75
1793,2016-11-30,85.6
1794,2016-12-01,85.15
1795,2016-12-02,84.1
1796,2016-12-03,84.1
1797,2016-12-04,84.1
1798,2016-12-05,83.1
1799,2016-12-06,79.25
1800,2016-12-07,80.65
1801,2016-12-08,82.6
1802,2016-12-09,83.95
1803,2016-12-10,83.95
1804,2016-12-11,83.95
1805,2016-12-12,86.5
1806,2016-12-13,87.55
1807,2016-12-14,88.9
1808,2016-12-15,90.1
1809,2016-12-16,89.4
1810,2016-12-17,89.4
1811,2016-12-18,89.4
1812,2016-12-19,89.05
1813,2016-12-20,90.0
1814,2016-12-21,90.25
1815,2016-12-22,90.0
1816,2016-12-23,90.05
1817,2016-12-24,90.05
1818,2016-12-25,90.05
1819,2016-12-26,90.05
1820,2016-12-27,90.05
1821,2016-12-28,90.6
1822,2016-12-29,90.6
1823,2016-12-30,90.2
1824,2016-12-31,90.2
1825,2017-01-01,90.2
1826,2017-01-02,90.2
1827,2017-01-03,82.5
1828,2017-01-04,84.2
1829,2017-01-05,85.75
1830,2017-01-06,84.75
1831,2017-01-07,84.75
1832,2017-01-08,84.75
1833,2017-01-09,84.05
1834,2017-01-10,86.4
1835,2017-01-11,88.7
1836,2017-01-12,88.6
1837,2017-01-13,88.2
1838,2017-01-14,88.2
1839,2017-01-15,88.2
1840,2017-01-16,88.05
1841,2017-01-17,89.8
1842,2017-01-18,89.95
1843,2017-01-19,88.55
1844,2017-01-20,89.2
1845,2017-01-21,89.2
1846,2017-01-22,89.2
1847,2017-01-23,89.3
1848,2017-01-24,89.2
1849,2017-01-25,88.85
1850,2017-01-26,88.5
1851,2017-01-27,88.5
1852,2017-01-28,88.5
1853,2017-01-29,88.5
1854,2017-01-30,82.3
1855,2017-01-31,85.3
1856,2017-02-01,84.65
1857,2017-02-02,85.1
1858,2017-02-03,84.55
1859,2017-02-04,84.55
1860,2017-02-05,84.55
1861,2017-02-06,84.3
1862,2017-02-07,84.1
1863,2017-02-08,83.1
1864,2017-02-09,82.8
1865,2017-02-10,81.2
1866,2017-02-11,81.2
1867,2017-02-12,81.2
1868,2017-02-13,80.5
1869,2017-02-14,80.5
1870,2017-02-15,81.5
1871,2017-02-16,81.75
1872,2017-02-17,81.8
1873,2017-02-18,81.8
1874,2017-02-19,81.8
1875,2017-02-20,82.2
1876,2017-02-21,82.2
1877,2017-02-22,82.1
1878,2017-02-23,82.1
1879,2017-02-24,82.1
1880,2017-02-25,82.1
1881,2017-02-26,82.1
1882,2017-02-27,78.65
1883,2017-02-28,77.9
1884,2017-03-01,78.8
1885,2017-03-02,77.95
1886,2017-03-03,76.9
1887,2017-03-04,76.9
1888,2017-03-05,76.9
1889,2017-03-06,76.8
1890,2017-03-07,75.8
1891,2017-03-08,76.1
1892,2017-03-09,74.7
1893,2017-03-10,75.35
1894,2017-03-11,75.35
1895,2017-03-12,75.35
1896,2017-03-13,75.85
1897,2017-03-14,75.25
1898,2017-03-15,75.15
1899,2017-03-16,74.7
1900,2017-03-17,74.85
1901,2017-03-18,74.85
1902,2017-03-19,74.85
1903,2017-03-20,74.15
1904,2017-03-21,73.8
1905,2017-03-22,73.65
1906,2017-03-23,73.8
1907,2017-03-24,73.45
1908,2017-03-25,73.45
1909,2017-03-26,73.45
1910,2017-03-27,73.55
1911,2017-03-28,73.7
1912,2017-03-29,73.7
1913,2017-03-30,73.7
1914,2017-03-31,74.2
1915,2017-04-01,74.2
1916,2017-04-02,74.2
1917,2017-04-03,76.8
1918,2017-04-04,76.15
1919,2017-04-05,77.25
1920,2017-04-06,77.8
1921,2017-04-07,76.65
1922,2017-04-08,76.65
1923,2017-04-09,76.65
1924,2017-04-10,75.5
1925,2017-04-11,75.1
1926,2017-04-12,74.9
1927,2017-04-13,75.45
1928,2017-04-14,75.45
1929,2017-04-15,75.45
1930,2017-04-16,75.45
1931,2017-04-17,75.45
1932,2017-04-18,75.65
1933,2017-04-19,75.3
1934,2017-04-20,75.55
1935,2017-04-21,75.45
1936,2017-04-22,75.45
1937,2017-04-23,75.45
1938,2017-04-24,75.25
1939,2017-04-25,75.25
1940,2017-04-26,75.35
1941,2017-04-27,75.9
1942,2017-04-28,75.5
1943,2017-04-29,75.5
1944,2017-04-30,75.5
1945,2017-05-01,74.3
1946,2017-05-02,74.3
1947,2017-05-03,74.15
1948,2017-05-04,73.55
1949,2017-05-05,73.5
1950,2017-05-06,73.5
1951,2017-05-07,73.5
1952,2017-05-08,72.7
1953,2017-05-09,72.8
1954,2017-05-10,73.1
1955,2017-05-11,72.65
1956,2017-05-12,72.7
1957,2017-05-13,72.7
1958,2017-05-14,72.7
1959,2017-05-15,72.75
1960,2017-05-16,73.25
1961,2017-05-17,73.55
1962,2017-05-18,74.1
1963,2017-05-19,74.2
1964,2017-05-20,74.2
1965,2017-05-21,74.2
1966,2017-05-22,74.95
1967,2017-05-23,74.25
1968,2017-05-24,74.25
1969,2017-05-25,74.2
1970,2017-05-26,74.2
1971,2017-05-27,74.2
1972,2017-05-28,74.2
1973,2017-05-29,76.2
1974,2017-05-30,77.75
1975,2017-05-31,76.55
1976,2017-06-01,77.3
1977,2017-06-02,77.5
1978,2017-06-03,77.5
1979,2017-06-04,77.5
1980,2017-06-05,77.85
1981,2017-06-06,77.4
1982,2017-06-07,77.85
1983,2017-06-08,78.5
1984,2017-06-09,78.55
1985,2017-06-10,78.55
1986,2017-06-11,78.55
1987,2017-06-12,78.65
1988,2017-06-13,78.75
1989,2017-06-14,78.15
1990,2017-06-15,78.3
1991,2017-06-16,78.55
1992,2017-06-17,78.55
1993,2017-06-18,78.55
1994,2017-06-19,79.15
1995,2017-06-20,79.05
1996,2017-06-21,79.05
1997,2017-06-22,78.9
1998,2017-06-23,78.85
1999,2017-06-24,78.85
2000,2017-06-25,78.85
2001,2017-06-26,78.9
2002,2017-06-27,79.1
2003,2017-06-28,79.05
2004,2017-06-29,79.0
2005,2017-06-30,79.0
2006,2017-07-01,79.0
2007,2017-07-02,79.0
2008,2017-07-03,80.7
2009,2017-07-04,81.75
2010,2017-07-05,84.05
2011,2017-07-06,85.5
2012,2017-07-07,85.45
2013,2017-07-08,85.45
2014,2017-07-09,85.45
2015,2017-07-10,84.65
2016,2017-07-11,84.65
2017,2017-07-12,84.3
2018,2017-07-13,83.15
2019,2017-07-14,83.3
2020,2017-07-15,83.3
2021,2017-07-16,83.3
2022,2017-07-17,83.5
2023,2017-07-18,83.4
2024,2017-07-19,83.0
2025,2017-07-20,83.4
2026,2017-07-21,83.6
2027,2017-07-22,83.6
2028,2017-07-23,83.6
2029,2017-07-24,83.45
2030,2017-07-25,83.55
2031,2017-07-26,83.5
2032,2017-07-27,83.5
2033,2017-07-28,83.5
2034,2017-07-29,83.5
2035,2017-07-30,83.5
2036,2017-07-31,83.25
2037,2017-08-01,82.25
2038,2017-08-02,82.1
2039,2017-08-03,82.8
2040,2017-08-04,83.6
2041,2017-08-05,83.6
2042,2017-08-06,83.6
2043,2017-08-07,84.0
2044,2017-08-08,83.5
2045,2017-08-09,84.1
2046,2017-08-10,84.4
2047,2017-08-11,85.1
2048,2017-08-12,85.1
2049,2017-08-13,85.1
2050,2017-08-14,85.4
2051,2017-08-15,84.75
2052,2017-08-16,85.35
2053,2017-08-17,86.1
2054,2017-08-18,86.25
2055,2017-08-19,86.25
2056,2017-08-20,86.25
2057,2017-08-21,85.2
2058,2017-08-22,85.25
2059,2017-08-23,85.4
2060,2017-08-24,85.15
2061,2017-08-25,85.25
2062,2017-08-26,85.25
2063,2017-08-27,85.25
2064,2017-08-28,89.0
2065,2017-08-29,89.55
2066,2017-08-30,89.1
2067,2017-08-31,87.65
2068,2017-09-01,88.05
2069,2017-09-02,88.05
2070,2017-09-03,88.05
2071,2017-09-04,88.6
2072,2017-09-05,89.15
2073,2017-09-06,89.15
2074,2017-09-07,89.15
2075,2017-09-08,89.8
2076,2017-09-09,89.8
2077,2017-09-10,89.8
2078,2017-09-11,90.15
2079,2017-09-12,90.0
2080,2017-09-13,91.25
2081,2017-09-14,91.8
2082,2017-09-15,91.7
2083,2017-09-16,91.7
2084,2017-09-17,91.7
2085,2017-09-18,91.65
2086,2017-09-19,92.35
2087,2017-09-20,92.25
2088,2017-09-21,91.6
2089,2017-09-22,91.75
2090,2017-09-23,91.75
2091,2017-09-24,91.75
2092,2017-09-25,92.75
2093,2017-09-26,91.75
2094,2017-09-27,91.5
2095,2017-09-28,91.45
2096,2017-09-29,91.4
2097,2017-09-30,91.4
2098,2017-10-01,91.4
2099,2017-10-02,90.65
2100,2017-10-03,91.8
2101,2017-10-04,92.5
2102,2017-10-05,92.25
2103,2017-10-06,90.8
2104,2017-10-07,90.8
2105,2017-10-08,90.8
2106,2017-10-09,90.8
2107,2017-10-10,90.85
2108,2017-10-11,90.55
2109,2017-10-12,91.4
2110,2017-10-13,91.2
2111,2017-10-14,91.2
2112,2017-10-15,91.2
2113,2017-10-16,92.05
2114,2017-10-17,92.3
2115,2017-10-18,92.5
2116,2017-10-19,91.85
2117,2017-10-20,91.95
2118,2017-10-21,91.95
2119,2017-10-22,91.95
2120,2017-10-23,91.8
2121,2017-10-24,92.35
2122,2017-10-25,91.95
2123,2017-10-26,92.15
2124,2017-10-27,92.35
2125,2017-10-28,92.35
2126,2017-10-29,92.35
2127,2017-10-30,93.05
2128,2017-10-31,94.8
2129,2017-11-01,95.25
2130,2017-11-02,95.05
2131,2017-11-03,94.0
2132,2017-11-04,94.0
2133,2017-11-05,94.0
2134,2017-11-06,94.75
2135,2017-11-07,94.8
2136,2017-11-08,94.95
2137,2017-11-09,94.7
2138,2017-11-10,95.35
2139,2017-11-11,95.35
2140,2017-11-12,95.35
2141,2017-11-13,94.75
2142,2017-11-14,94.25
2143,2017-11-15,93.85
2144,2017-11-16,93.95
2145,2017-11-17,93.8
2146,2017-11-18,93.8
2147,2017-11-19,93.8
2148,2017-11-20,94.05
2149,2017-11-21,93.8
2150,2017-11-22,93.9
2151,2017-11-23,94.1
2152,2017-11-24,94.3
2153,2017-11-25,94.3
2154,2017-11-26,94.3
2155,2017-11-27,91.85
2156,2017-11-28,92.05
2157,2017-11-29,93.0
2158,2017-11-30,92.7
2159,2017-12-01,92.7
2160,2017-12-02,92.7
2161,2017-12-03,92.7
2162,2017-12-04,93.55
2163,2017-12-05,93.35
2164,2017-12-06,93.9
2165,2017-12-07,93.7
2166,2017-12-08,94.4
2167,2017-12-09,94.4
2168,2017-12-10,94.4
2169,2017-12-11,94.7
2170,2017-12-12,95.3
2171,2017-12-13,95.0
2172,2017-12-14,95.1
2173,2017-12-15,95.15
2174,2017-12-16,95.15
2175,2017-12-17,95.15
2176,2017-12-18,95.1
2177,2017-12-19,94.85
2178,2017-12-20,94.85
2179,2017-12-21,94.8
2180,2017-12-22,94.8
2181,2017-12-23,94.8
2182,2017-12-24,94.8
2183,2017-12-25,94.8
2184,2017-12-26,94.8
2185,2017-12-27,94.8
2186,2017-12-28,94.8
2187,2017-12-29,94.8
2188,2017-12-30,94.8
2189,2017-12-31,94.8
2190,2018-01-01,94.8
2191,2018-01-02,96.65
2192,2018-01-03,96.45
2193,2018-01-04,96.15
2194,2018-01-05,96.25
2195,2018-01-06,96.25
2196,2018-01-07,96.25
2197,2018-01-08,96.45
2198,2018-01-09,96.1
2199,2018-01-10,95.65
2200,2018-01-11,95.4
2201,2018-01-12,95.55
2202,2018-01-13,95.55
2203,2018-01-14,95.55
2204,2018-01-15,95.5
2205,2018-01-16,95.35
2206,2018-01-17,95.2
2207,2018-01-18,95.0
2208,2018-01-19,95.2
2209,2018-01-20,95.2
2210,2018-01-21,95.2
2211,2018-01-22,95.25
2212,2018-01-23,95.25
2213,2018-01-24,95.15
2214,2018-01-25,95.2
2215,2018-01-26,95.3
2216,2018-01-27,95.3
2217,2018-01-28,95.3
2218,2018-01-29,91.2
2219,2018-01-30,90.85
2220,2018-01-31,89.6
2221,2018-02-01,87.75
2222,2018-02-02,88.4
2223,2018-02-03,88.4
2224,2018-02-04,88.4
2225,2018-02-05,87.25
2226,2018-02-06,85.5
2227,2018-02-07,85.65
2228,2018-02-08,83.65
2229,2018-02-09,82.25
2230,2018-02-10,82.25
2231,2018-02-11,82.25
2232,2018-02-12,82.45
2233,2018-02-13,84.45
2234,2018-02-14,85.05
2235,2018-02-15,84.9
2236,2018-02-16,85.15
2237,2018-02-17,85.15
2238,2018-02-18,85.15
2239,2018-02-19,85.2
2240,2018-02-20,85.65
2241,2018-02-21,85.6
2242,2018-02-22,86.0
2243,2018-02-23,85.8
2244,2018-02-24,85.8
2245,2018-02-25,85.8
2246,2018-02-26,83.55
2247,2018-02-27,82.05
2248,2018-02-28,81.55
2249,2018-03-01,79.2
2250,2018-03-02,78.95
2251,2018-03-03,78.95
2252,2018-03-04,78.95
2253,2018-03-05,80.05
2254,2018-03-06,81.1
2255,2018-03-07,81.5
2256,2018-03-08,81.1
2257,2018-03-09,81.3
2258,2018-03-10,81.3
2259,2018-03-11,81.3
2260,2018-03-12,80.95
2261,2018-03-13,81.35
2262,2018-03-14,81.05
2263,2018-03-15,80.95
2264,2018-03-16,80.0
2265,2018-03-17,80.0
2266,2018-03-18,80.0
2267,2018-03-19,79.5
2268,2018-03-20,80.5
2269,2018-03-21,80.4
2270,2018-03-22,80.2
2271,2018-03-23,79.55
2272,2018-03-24,79.55
2273,2018-03-25,79.55
2274,2018-03-26,79.45
2275,2018-03-27,79.35
2276,2018-03-28,79.4
2277,2018-03-29,79.5
2278,2018-03-30,79.5
2279,2018-03-31,79.5
2280,2018-04-01,79.5
2281,2018-04-02,79.5
2282,2018-04-03,80.7
2283,2018-04-04,79.9
2284,2018-04-05,80.55
2285,2018-04-06,81.2
2286,2018-04-07,81.2
2287,2018-04-08,81.2
2288,2018-04-09,82.1
2289,2018-04-10,82.15
2290,2018-04-11,82.25
2291,2018-04-12,81.95
2292,2018-04-13,81.8
2293,2018-04-14,81.8
2294,2018-04-15,81.8
2295,2018-04-16,81.85
2296,2018-04-17,81.15
2297,2018-04-18,81.3
2298,2018-04-19,81.8
2299,2018-04-20,81.8
2300,2018-04-21,81.8
2301,2018-04-22,81.8
2302,2018-04-23,81.95
2303,2018-04-24,81.8
2304,2018-04-25,81.8
2305,2018-04-26,81.7
2306,2018-04-27,81.8
2307,2018-04-28,81.8
2308,2018-04-29,81.8
2309,2018-04-30,85.2
2310,2018-05-01,85.3
2311,2018-05-02,85.1
2312,2018-05-03,85.2
2313,2018-05-04,85.25
2314,2018-05-05,85.25
2315,2018-05-06,85.25
2316,2018-05-07,85.25
2317,2018-05-08,86.75
2318,2018-05-09,87.1
2319,2018-05-10,88.1
2320,2018-05-11,88.45
2321,2018-05-12,88.45
2322,2018-05-13,88.45
2323,2018-05-14,89.65
2324,2018-05-15,89.5
2325,2018-05-16,89.7
2326,2018-05-17,90.2
2327,2018-05-18,89.6
2328,2018-05-19,89.6
2329,2018-05-20,89.6
2330,2018-05-21,89.6
2331,2018-05-22,89.65
2332,2018-05-23,89.45
2333,2018-05-24,89.75
2334,2018-05-25,89.6
2335,2018-05-26,89.6
2336,2018-05-27,89.6
2337,2018-05-28,92.6
2338,2018-05-29,94.2
2339,2018-05-30,95.75
2340,2018-05-31,95.0
2341,2018-06-01,95.3
2342,2018-06-02,95.3
2343,2018-06-03,95.3
2344,2018-06-04,95.75
2345,2018-06-05,94.9
2346,2018-06-06,94.8
2347,2018-06-07,95.4
2348,2018-06-08,95.5
2349,2018-06-09,95.5
2350,2018-06-10,95.5
2351,2018-06-11,96.15
2352,2018-06-12,96.85
2353,2018-06-13,96.8
2354,2018-06-14,96.75
2355,2018-06-15,96.5
2356,2018-06-16,96.5
2357,2018-06-17,96.5
2358,2018-06-18,96.8
2359,2018-06-19,97.0
2360,2018-06-20,96.6
2361,2018-06-21,96.0
2362,2018-06-22,96.0
2363,2018-06-23,96.0
2364,2018-06-24,96.0
2365,2018-06-25,96.1
2366,2018-06-26,96.05
2367,2018-06-27,96.0
2368,2018-06-28,96.0
2369,2018-06-29,96.0
2370,2018-06-30,96.0
2371,2018-07-01,96.0
2372,2018-07-02,98.75
2373,2018-07-03,99.4
2374,2018-07-04,99.75
2375,2018-07-05,100.4
2376,2018-07-06,100.2
2377,2018-07-07,100.2
2378,2018-07-08,100.2
2379,2018-07-09,101.95
2380,2018-07-10,102.2
2381,2018-07-11,102.6
2382,2018-07-12,101.55
2383,2018-07-13,101.4
2384,2018-07-14,101.4
2385,2018-07-15,101.4
2386,2018-07-16,100.7
2387,2018-07-17,100.8
2388,2018-07-18,101.85
2389,2018-07-19,100.95
2390,2018-07-20,100.15
2391,2018-07-21,100.15
2392,2018-07-22,100.15
2393,2018-07-23,100.75
2394,2018-07-24,100.9
2395,2018-07-25,100.95
2396,2018-07-26,101.0
2397,2018-07-27,101.0
2398,2018-07-28,101.0
2399,2018-07-29,101.0
2400,2018-07-30,94.8
2401,2018-07-31,95.1
2402,2018-08-01,95.15
2403,2018-08-02,94.75
2404,2018-08-03,94.45
2405,2018-08-04,94.45
2406,2018-08-05,94.45
2407,2018-08-06,96.05
2408,2018-08-07,96.75
2409,2018-08-08,96.4
2410,2018-08-09,96.45
2411,2018-08-10,96.85
2412,2018-08-11,96.85
2413,2018-08-12,96.85
2414,2018-08-13,97.6
2415,2018-08-14,98.2
2416,2018-08-15,97.6
2417,2018-08-16,97.85
2418,2018-08-17,98.2
2419,2018-08-18,98.2
2420,2018-08-19,98.2
2421,2018-08-20,98.2
2422,2018-08-21,97.5
2423,2018-08-22,96.9
2424,2018-08-23,96.95
2425,2018-08-24,97.0
2426,2018-08-25,97.0
2427,2018-08-26,97.0
2428,2018-08-27,98.0
2429,2018-08-28,97.6
2430,2018-08-29,97.9
2431,2018-08-30,97.9
2432,2018-08-31,97.9
2433,2018-09-01,97.9
2434,2018-09-02,97.9
2435,2018-09-03,99.3
2436,2018-09-04,100.75
2437,2018-09-05,101.45
2438,2018-09-06,101.0
2439,2018-09-07,99.75
2440,2018-09-08,99.75
2441,2018-09-09,99.75
2442,2018-09-10,100.25
2443,2018-09-11,100.95
2444,2018-09-12,100.5
2445,2018-09-13,100.4
2446,2018-09-14,99.5
2447,2018-09-15,99.5
2448,2018-09-16,99.5
2449,2018-09-17,99.35
2450,2018-09-18,98.65
2451,2018-09-19,100.3
2452,2018-09-20,99.65
2453,2018-09-21,100.3
2454,2018-09-22,100.3
2455,2018-09-23,100.3
2456,2018-09-24,100.35
2457,2018-09-25,100.3
2458,2018-09-26,100.3
2459,2018-09-27,100.35
2460,2018-09-28,100.15
2461,2018-09-29,100.15
2462,2018-09-30,100.15
2463,2018-10-01,101.8
2464,2018-10-02,101.2
2465,2018-10-03,101.65
2466,2018-10-04,100.8
2467,2018-10-05,101.35
2468,2018-10-06,101.35
2469,2018-10-07,101.35
2470,2018-10-08,101.3
2471,2018-10-09,100.8
2472,2018-10-10,99.9
2473,2018-10-11,99.1
2474,2018-10-12,99.1
2475,2018-10-13,99.1
2476,2018-10-14,99.1
2477,2018-10-15,99.1
2478,2018-10-16,99.05
2479,2018-10-17,99.3
2480,2018-10-18,99.7
2481,2018-10-19,100.5
2482,2018-10-20,100.5
2483,2018-10-21,100.5
2484,2018-10-22,100.35
2485,2018-10-23,100.4
2486,2018-10-24,100.35
2487,2018-10-25,100.4
2488,2018-10-26,100.2
2489,2018-10-27,100.2
2490,2018-10-28,100.2
2491,2018-10-29,99.2
2492,2018-10-30,98.7
2493,2018-10-31,97.55
2494,2018-11-01,95.35
2495,2018-11-02,96.1
2496,2018-11-03,96.1
2497,2018-11-04,96.1
2498,2018-11-05,94.7
2499,2018-11-06,93.25
2500,2018-11-07,94.0
2501,2018-11-08,92.3
2502,2018-11-09,91.7
2503,2018-11-10,91.7
2504,2018-11-11,91.7
2505,2018-11-12,92.8
2506,2018-11-13,91.45
2507,2018-11-14,90.5
2508,2018-11-15,89.95
2509,2018-11-16,89.1
2510,2018-11-17,89.1
2511,2018-11-18,89.1
2512,2018-11-19,88.75
2513,2018-11-20,88.05
2514,2018-11-21,87.8
2515,2018-11-22,88.6
2516,2018-11-23,88.25
2517,2018-11-24,88.25
2518,2018-11-25,88.25
2519,2018-11-26,88.55
2520,2018-11-27,88.6
2521,2018-11-28,88.6
2522,2018-11-29,88.6
2523,2018-11-30,88.4
2524,2018-12-01,88.4
2525,2018-12-02,88.4
2526,2018-12-03,86.0
2527,2018-12-04,85.8
2528,2018-12-05,86.05
2529,2018-12-06,86.4
2530,2018-12-07,86.55
2531,2018-12-08,86.55
2532,2018-12-09,86.55
2533,2018-12-10,86.55
2534,2018-12-11,86.95
2535,2018-12-12,87.7
2536,2018-12-13,87.9
2537,2018-12-14,88.5
2538,2018-12-15,88.5
2539,2018-12-16,88.5
2540,2018-12-17,88.6
2541,2018-12-18,88.4
2542,2018-12-19,88.25
2543,2018-12-20,88.55
2544,2018-12-21,88.0
2545,2018-12-22,88.0
2546,2018-12-23,88.0
2547,2018-12-24,88.0
2548,2018-12-25,88.0
2549,2018-12-26,87.5
2550,2018-12-27,87.25
2551,2018-12-28,88.0
2552,2018-12-29,88.0
2553,2018-12-30,88.0
2554,2018-12-31,86.7
2555,2019-01-01,86.7
2556,2019-01-02,85.45
2557,2019-01-03,83.75
2558,2019-01-04,83.45
2559,2019-01-05,83.45
2560,2019-01-06,83.45
2561,2019-01-07,81.5
2562,2019-01-08,82.05
2563,2019-01-09,82.05
2564,2019-01-10,82.15
2565,2019-01-11,82.55
2566,2019-01-12,82.55
2567,2019-01-13,82.55
2568,2019-01-14,82.0
2569,2019-01-15,82.5
2570,2019-01-16,82.95
2571,2019-01-17,83.4
2572,2019-01-18,83.2
2573,2019-01-19,83.2
2574,2019-01-20,83.2
2575,2019-01-21,82.3
2576,2019-01-22,82.0
2577,2019-01-23,81.95
2578,2019-01-24,81.85
2579,2019-01-25,81.5
2580,2019-01-26,81.5
2581,2019-01-27,81.5
2582,2019-01-28,79.0
2583,2019-01-29,79.75
2584,2019-01-30,79.85
2585,2019-01-31,79.05
2586,2019-02-01,77.75
2587,2019-02-02,77.75
2588,2019-02-03,77.75
2589,2019-02-04,76.3
2590,2019-02-05,75.7
2591,2019-02-06,76.05
2592,2019-02-07,75.2
2593,2019-02-08,74.1
2594,2019-02-09,74.1
2595,2019-02-10,74.1
2596,2019-02-11,73.6
2597,2019-02-12,73.15
2598,2019-02-13,74.1
2599,2019-02-14,73.75
2600,2019-02-15,74.1
2601,2019-02-16,74.1
2602,2019-02-17,74.1
2603,2019-02-18,74.1
2604,2019-02-19,74.05
2605,2019-02-20,74.35
2606,2019-02-21,74.25
2607,2019-02-22,74.1
2608,2019-02-23,74.1
2609,2019-02-24,74.1
2610,2019-02-25,73.25
2611,2019-02-26,74.05
2612,2019-02-27,75.05
2613,2019-02-28,75.05
2614,2019-03-01,74.6
2615,2019-03-02,74.6
2616,2019-03-03,74.6
2617,2019-03-04,75.1
2618,2019-03-05,74.5
2619,2019-03-06,73.45
2620,2019-03-07,73.15
2621,2019-03-08,72.35
2622,2019-03-09,72.35
2623,2019-03-10,72.35
2624,2019-03-11,72.3
2625,2019-03-12,72.65
2626,2019-03-13,71.8
2627,2019-03-14,71.95
2628,2019-03-15,71.4
2629,2019-03-16,71.4
2630,2019-03-17,71.4
2631,2019-03-18,71.45
2632,2019-03-19,71.25
2633,2019-03-20,71.2
2634,2019-03-21,70.95
2635,2019-03-22,70.85
2636,2019-03-23,70.85
2637,2019-03-24,70.85
2638,2019-03-25,70.7
2639,2019-03-26,70.7
2640,2019-03-27,70.6
2641,2019-03-28,70.45
2642,2019-03-29,70.4
2643,2019-03-30,70.4
2644,2019-03-31,70.4
2645,2019-04-01,58.75
2646,2019-04-02,56.4
2647,2019-04-03,54.8
2648,2019-04-04,56.05
2649,2019-04-05,56.25
2650,2019-04-06,56.25
2651,2019-04-07,56.25
2652,2019-04-08,58.7
2653,2019-04-09,59.05
2654,2019-04-10,59.8
2655,2019-04-11,59.8
2656,2019-04-12,60.15
2657,2019-04-13,60.15
2658,2019-04-14,60.15
2659,2019-04-15,59.4
2660,2019-04-16,59.6
2661,2019-04-17,59.6
2662,2019-04-18,59.4
2663,2019-04-19,59.4
2664,2019-04-20,59.4
2665,2019-04-21,59.4
2666,2019-04-22,59.4
2667,2019-04-23,59.65
2668,2019-04-24,59.35
2669,2019-04-25,59.35
2670,2019-04-26,59.0
2671,2019-04-27,59.0
2672,2019-04-28,59.0
2673,2019-04-29,58.85
2674,2019-04-30,59.05
2675,2019-05-01,58.35
2676,2019-05-02,59.15
2677,2019-05-03,60.9
2678,2019-05-04,60.9
2679,2019-05-05,60.9
2680,2019-05-06,60.5
2681,2019-05-07,59.6
2682,2019-05-08,60.45
2683,2019-05-09,59.35
2684,2019-05-10,59.15
2685,2019-05-11,59.15
2686,2019-05-12,59.15
2687,2019-05-13,58.7
2688,2019-05-14,59.25
2689,2019-05-15,58.95
2690,2019-05-16,58.5
2691,2019-05-17,58.4
2692,2019-05-18,58.4
2693,2019-05-19,58.4
2694,2019-05-20,58.3
2695,2019-05-21,58.2
2696,2019-05-22,58.0
2697,2019-05-23,57.8
2698,2019-05-24,57.5
2699,2019-05-25,57.5
2700,2019-05-26,57.5
2701,2019-05-27,57.5
2702,2019-05-28,57.05
2703,2019-05-29,56.9
2704,2019-05-30,56.8
2705,2019-05-31,56.8
2706,2019-06-01,56.8
2707,2019-06-02,56.8
2708,2019-06-03,51.55
2709,2019-06-04,52.3
2710,2019-06-05,51.6
2711,2019-06-06,51.85
2712,2019-06-07,52.35
2713,2019-06-08,52.35
2714,2019-06-09,52.35
2715,2019-06-10,53.0
2716,2019-06-11,51.05
2717,2019-06-12,50.5
2718,2019-06-13,50.25
2719,2019-06-14,50.0
2720,2019-06-15,50.0
2721,2019-06-16,50.0
2722,2019-06-17,49.35
2723,2019-06-18,48.65
2724,2019-06-19,48.7
2725,2019-06-20,48.95
2726,2019-06-21,49.0
2727,2019-06-22,49.0
2728,2019-06-23,49.0
2729,2019-06-24,48.95
2730,2019-06-25,48.95
2731,2019-06-26,48.9
2732,2019-06-27,48.9
2733,2019-06-28,48.85
2734,2019-06-29,48.85
2735,2019-06-30,48.85
2736,2019-07-01,50.55
2737,2019-07-02,51.45
2738,2019-07-03,52.8
2739,2019-07-04,55.3
2740,2019-07-05,56.3
2741,2019-07-06,56.3
2742,2019-07-07,56.3
2743,2019-07-08,57.05
2744,2019-07-09,56.4
2745,2019-07-10,58.1
2746,2019-07-11,58.5
2747,2019-07-12,57.85
2748,2019-07-13,57.85
2749,2019-07-14,57.85
2750,2019-07-15,57.75
2751,2019-07-16,57.3
2752,2019-07-17,57.8
2753,2019-07-18,57.65
2754,2019-07-19,58.0
2755,2019-07-20,58.0
2756,2019-07-21,58.0
2757,2019-07-22,58.1
2758,2019-07-23,58.1
2759,2019-07-24,58.1
2760,2019-07-25,58.1
2761,2019-07-26,58.1
2762,2019-07-27,58.1
2763,2019-07-28,58.1
2764,2019-07-29,58.0
2765,2019-07-30,57.9
2766,2019-07-31,57.9
2767,2019-08-01,58.55
2768,2019-08-02,58.15
2769,2019-08-03,58.15
2770,2019-08-04,58.15
2771,2019-08-05,57.05
2772,2019-08-06,56.1
2773,2019-08-07,56.15
2774,2019-08-08,56.5
2775,2019-08-09,56.25
2776,2019-08-10,56.25
2777,2019-08-11,56.25
2778,2019-08-12,56.3
2779,2019-08-13,56.4
2780,2019-08-14,56.1
2781,2019-08-15,56.0
2782,2019-08-16,55.9
2783,2019-08-17,55.9
2784,2019-08-18,55.9
2785,2019-08-19,55.8
2786,2019-08-20,55.65
2787,2019-08-21,55.35
2788,2019-08-22,55.1
2789,2019-08-23,54.9
2790,2019-08-24,54.9
2791,2019-08-25,54.9
2792,2019-08-26,54.9
2793,2019-08-27,54.95
2794,2019-08-28,54.8
2795,2019-08-29,54.7
2796,2019-08-30,55.0
2797,2019-08-31,55.0
2798,2019-09-01,55.0
2799,2019-09-02,55.3
2800,2019-09-03,56.95
2801,2019-09-04,56.75
2802,2019-09-05,57.4
2803,2019-09-06,57.65
2804,2019-09-07,57.65
2805,2019-09-08,57.65
2806,2019-09-09,58.4
2807,2019-09-10,60.65
2808,2019-09-11,60.45
2809,2019-09-12,60.75
2810,2019-09-13,60.95
2811,2019-09-14,60.95
2812,2019-09-15,60.95
2813,2019-09-16,61.75
2814,2019-09-17,61.55
2815,2019-09-18,61.05
2816,2019-09-19,60.9
2817,2019-09-20,61.25
2818,2019-09-21,61.25
2819,2019-09-22,61.25
2820,2019-09-23,60.9
2821,2019-09-24,61.0
2822,2019-09-25,60.25
2823,2019-09-26,60.9
2824,2019-09-27,60.4
2825,2019-09-28,60.4
2826,2019-09-29,60.4
2827,2019-09-30,60.9
2828,2019-10-01,60.0
2829,2019-10-02,59.4
2830,2019-10-03,59.2
2831,2019-10-04,59.65
2832,2019-10-05,59.65
2833,2019-10-06,59.65
2834,2019-10-07,60.25
2835,2019-10-08,61.3
2836,2019-10-09,60.75
2837,2019-10-10,60.7
2838,2019-10-11,60.75
2839,2019-10-12,60.75
2840,2019-10-13,60.75
2841,2019-10-14,60.92
2842,2019-10-15,60.43
2843,2019-10-16,60.25
2844,2019-10-17,60.1
2845,2019-10-18,60.0
2846,2019-10-19,60.0
2847,2019-10-20,60.0
2848,2019-10-21,60.1
2849,2019-10-22,60.15
2850,2019-10-23,60.15
2851,2019-10-24,59.9
2852,2019-10-25,60.15
2853,2019-10-26,60.15
2854,2019-10-27,60.15
2855,2019-10-28,56.4
2856,2019-10-29,56.7
2857,2019-10-30,56.2
2858,2019-10-31,56.4
2859,2019-11-01,56.95
2860,2019-11-02,56.95
2861,2019-11-03,56.95
2862,2019-11-04,56.75
2863,2019-11-05,56.9
2864,2019-11-06,56.1
2865,2019-11-07,56.2
2866,2019-11-08,55.8
2867,2019-11-09,55.8
2868,2019-11-10,55.8
2869,2019-11-11,55.2
2870,2019-11-12,55.3
2871,2019-11-13,55.3
2872,2019-11-14,55.75
2873,2019-11-15,55.85
2874,2019-11-16,55.85
2875,2019-11-17,55.85
2876,2019-11-18,54.8
2877,2019-11-19,55.35
2878,2019-11-20,55.5
2879,2019-11-21,56.05
2880,2019-11-22,55.95
2881,2019-11-23,55.95
2882,2019-11-24,55.95
2883,2019-11-25,55.9
2884,2019-11-26,56.15
2885,2019-11-27,55.85
2886,2019-11-28,56.1
2887,2019-11-29,56.4
2888,2019-11-30,56.4
2889,2019-12-01,56.4
2890,2019-12-02,57.3
2891,2019-12-03,56.4
2892,2019-12-04,56.0
2893,2019-12-05,55.2
2894,2019-12-06,54.35
2895,2019-12-07,54.35
2896,2019-12-08,54.35
2897,2019-12-09,54.2
2898,2019-12-10,53.6
2899,2019-12-11,53.5
2900,2019-12-12,54.0
2901,2019-12-13,53.6
2902,2019-12-14,53.6
2903,2019-12-15,53.6
2904,2019-12-16,53.5
2905,2019-12-17,53.5
2906,2019-12-18,53.5
2907,2019-12-19,53.35
2908,2019-12-20,53.45
2909,2019-12-21,53.45
2910,2019-12-22,53.45
2911,2019-12-23,53.4
2912,2019-12-24,53.2
2913,2019-12-25,53.2
2914,2019-12-26,53.2
2915,2019-12-27,53.5
2916,2019-12-28,53.5
2917,2019-12-29,53.5
2918,2019-12-30,52.75
2919,2019-12-31,53.0
2920,2020-01-01,53.0
2921,2020-01-02,52.1
2922,2020-01-03,52.75
2923,2020-01-04,52.75
2924,2020-01-05,52.75
2925,2020-01-06,52.65
2926,2020-01-07,52.55
2927,2020-01-08,52.5
2928,2020-01-09,52.7
2929,2020-01-10,52.9
2930,2020-01-11,52.9
2931,2020-01-12,52.9
2932,2020-01-13,53.5
2933,2020-01-14,52.2
2934,2020-01-15,51.8
2935,2020-01-16,51.0
2936,2020-01-17,50.5
2937,2020-01-18,50.5
2938,2020-01-19,50.5
2939,2020-01-20,49.75
2940,2020-01-21,50.6
2941,2020-01-22,50.25
2942,2020-01-23,50.4
2943,2020-01-24,50.25
2944,2020-01-25,50.25
2945,2020-01-26,50.25
2946,2020-01-27,50.35
2947,2020-01-28,50.35
2948,2020-01-29,50.15
2949,2020-01-30,50.45
2950,2020-01-31,50.35
2951,2020-02-01,50.35
2952,2020-02-02,50.35
2953,2020-02-03,47.7
2954,2020-02-04,48.9
2955,2020-02-05,49.45
2956,2020-02-06,48.9
2957,2020-02-07,48.2
2958,2020-02-08,48.2
2959,2020-02-09,48.2
2960,2020-02-10,47.5
2961,2020-02-11,48.0
2962,2020-02-12,48.75
2963,2020-02-13,49.9
2964,2020-02-14,50.3
2965,2020-02-15,50.3
2966,2020-02-16,50.3
2967,2020-02-17,50.55
2968,2020-02-18,49.7
2969,2020-02-19,49.3
2970,2020-02-20,48.4
2971,2020-02-21,48.3
2972,2020-02-22,48.3
2973,2020-02-23,48.3
2974,2020-02-24,48.0
2975,2020-02-25,48.15
2976,2020-02-26,48.0
2977,2020-02-27,47.9
2978,2020-02-28,47.8
2979,2020-02-29,47.8
2980,2020-03-01,47.8
2981,2020-03-02,46.85
2982,2020-03-03,46.95
2983,2020-03-04,47.3
2984,2020-03-05,47.8
2985,2020-03-06,47.4
2986,2020-03-07,47.4
2987,2020-03-08,47.4
2988,2020-03-09,46.4
2989,2020-03-10,46.4
2990,2020-03-11,46.5
2991,2020-03-12,45.8
2992,2020-03-13,46.55
2993,2020-03-14,46.55
2994,2020-03-15,46.55
2995,2020-03-16,46.5
2996,2020-03-17,47.1
2997,2020-03-18,47.8
2998,2020-03-19,46.9
2999,2020-03-20,47.5
3000,2020-03-21,47.5
3001,2020-03-22,47.5
3002,2020-03-23,47.4
3003,2020-03-24,47.65
3004,2020-03-25,48.25
3005,2020-03-26,47.95
3006,2020-03-27,48.1
3007,2020-03-28,48.1
3008,2020-03-29,48.1
3009,2020-03-30,50.75
3010,2020-03-31,49.3
3011,2020-04-01,48.1
3012,2020-04-02,47.45
3013,2020-04-03,46.1
3014,2020-04-04,46.1
3015,2020-04-05,46.1
3016,2020-04-06,46.3
3017,2020-04-07,47.05
3018,2020-04-08,46.6
3019,2020-04-09,46.8
3020,2020-04-10,46.8
3021,2020-04-11,46.8
3022,2020-04-12,46.8
3023,2020-04-13,46.7
3024,2020-04-14,45.75
3025,2020-04-15,45.3
3026,2020-04-16,45.5
3027,2020-04-17,45.4
3028,2020-04-18,45.4
3029,2020-04-19,45.4
3030,2020-04-20,45.55
3031,2020-04-21,45.45
3032,2020-04-22,45.15
3033,2020-04-23,44.9
3034,2020-04-24,45.05
3035,2020-04-25,45.05
3036,2020-04-26,45.05
3037,2020-04-27,39.1
3038,2020-04-28,38.45
3039,2020-04-29,39.0
3040,2020-04-30,39.85
3041,2020-05-01,39.5
3042,2020-05-02,39.5
3043,2020-05-03,39.5
3044,2020-05-04,39.0
3045,2020-05-05,39.6
3046,2020-05-06,40.0
3047,2020-05-07,40.2
3048,2020-05-08,40.0
3049,2020-05-09,40.0
3050,2020-05-10,40.0
3051,2020-05-11,39.9
3052,2020-05-12,39.7
3053,2020-05-13,39.35
3054,2020-05-14,39.1
3055,2020-05-15,38.75
3056,2020-05-16,38.75
3057,2020-05-17,38.75
3058,2020-05-18,38.85
3059,2020-05-19,38.85
3060,2020-05-20,38.8
3061,2020-05-21,38.75
3062,2020-05-22,38.65
3063,2020-05-23,38.65
3064,2020-05-24,38.65
3065,2020-05-25,38.75
3066,2020-05-26,38.6
3067,2020-05-27,38.7
3068,2020-05-28,38.8
3069,2020-05-29,38.5
3070,2020-05-30,38.5
3071,2020-05-31,38.5
3072,2020-06-01,44.85
3073,2020-06-02,46.75
3074,2020-06-03,46.6
3075,2020-06-04,45.7
3076,2020-06-05,46.2
3077,2020-06-06,46.2
3078,2020-06-07,46.2
3079,2020-06-08,45.95
3080,2020-06-09,45.6
3081,2020-06-10,44.95
3082,2020-06-11,44.35
3083,2020-06-12,44.5
3084,2020-06-13,44.5
3085,2020-06-14,44.5
3086,2020-06-15,45.0
3087,2020-06-16,44.8
3088,2020-06-17,44.6
3089,2020-06-18,44.7
3090,2020-06-19,45.0
3091,2020-06-20,45.0
3092,2020-06-21,45.0
3093,2020-06-22,45.6
3094,2020-06-23,44.85
3095,2020-06-24,45.25
3096,2020-06-25,45.25
3097,2020-06-26,45.45
3098,2020-06-27,45.45
3099,2020-06-28,45.45
3100,2020-06-29,50.05
3101,2020-06-30,49.85
3102,2020-07-01,49.95
3103,2020-07-02,51.05
3104,2020-07-03,50.9
3105,2020-07-04,50.9
3106,2020-07-05,50.9
3107,2020-07-06,51.2
3108,2020-07-07,50.65
3109,2020-07-08,49.5
3110,2020-07-09,49.3
3111,2020-07-10,48.7
3112,2020-07-11,48.7
3113,2020-07-12,48.7
3114,2020-07-13,48.8
3115,2020-07-14,48.65
3116,2020-07-15,49.0
3117,2020-07-16,49.0
3118,2020-07-17,49.25
3119,2020-07-18,49.25
3120,2020-07-19,49.25
3121,2020-07-20,49.05
3122,2020-07-21,49.6
3123,2020-07-22,49.7
3124,2020-07-23,49.6
3125,2020-07-24,49.55
3126,2020-07-25,49.55
3127,2020-07-26,49.55
3128,2020-07-27,49.5
3129,2020-07-28,49.7
3130,2020-07-29,49.7
3131,2020-07-30,49.85
3132,2020-07-31,49.9
3133,2020-08-01,49.9
3134,2020-08-02,49.9
3135,2020-08-03,51.7
3136,2020-08-04,51.6
3137,2020-08-05,51.3
3138,2020-08-06,50.2
3139,2020-08-07,50.8
3140,2020-08-08,50.8
3141,2020-08-09,50.8
3142,2020-08-10,50.55
3143,2020-08-11,50.3
3144,2020-08-12,49.7
3145,2020-08-13,49.5
3146,2020-08-14,49.25
3147,2020-08-15,49.25
3148,2020-08-16,49.25
3149,2020-08-17,49.4
3150,2020-08-18,49.35
3151,2020-08-19,49.15
3152,2020-08-20,48.9
3153,2020-08-21,48.65
3154,2020-08-22,48.65
3155,2020-08-23,48.65
3156,2020-08-24,48.8
3157,2020-08-25,48.9
3158,2020-08-26,48.95
3159,2020-08-27,48.9
3160,2020-08-28,49.0
3161,2020-08-29,49.0
3162,2020-08-30,49.0
3163,2020-08-31,52.9
3164,2020-09-01,52.7
3165,2020-09-02,51.5
3166,2020-09-03,51.5
3167,2020-09-04,51.4
3168,2020-09-05,51.4
3169,2020-09-06,51.4
3170,2020-09-07,51.0
3171,2020-09-08,51.2
3172,2020-09-09,51.2
3173,2020-09-10,51.7
3174,2020-09-11,51.7
3175,2020-09-12,51.7
3176,2020-09-13,51.7
3177,2020-09-14,51.7
3178,2020-09-15,51.8
3179,2020-09-16,51.9
3180,2020-09-17,51.9
3181,2020-09-18,52.0
3182,2020-09-19,52.0
3183,2020-09-20,52.0
3184,2020-09-21,52.1
3185,2020-09-22,52.1
3186,2020-09-23,52.15
3187,2020-09-24,52.25
3188,2020-09-25,52.35
3189,2020-09-26,52.35
3190,2020-09-27,52.35
3191,2020-09-28,57.2
3192,2020-09-29,57.05
3193,2020-09-30,57.2
3194,2020-10-01,57.35
3195,2020-10-02,56.4
3196,2020-10-03,56.4
3197,2020-10-04,56.4
3198,2020-10-05,57.7
3199,2020-10-06,57.7
3200,2020-10-07,57.65
3201,2020-10-08,57.7
3202,2020-10-09,57.6
3203,2020-10-10,57.6
3204,2020-10-11,57.6
3205,2020-10-12,56.85
3206,2020-10-13,56.5
3207,2020-10-14,56.6
3208,2020-10-15,56.8
3209,2020-10-16,57.0
3210,2020-10-17,57.0
3211,2020-10-18,57.0
3212,2020-10-19,57.1
3213,2020-10-20,57.1
3214,2020-10-21,56.5
3215,2020-10-22,56.75
3216,2020-10-23,56.7
3217,2020-10-24,56.7
3218,2020-10-25,56.7
3219,2020-10-26,56.7
3220,2020-10-27,56.55
3221,2020-10-28,56.5
3222,2020-10-29,56.1
3223,2020-10-30,56.05
3224,2020-10-31,56.05
3225,2020-11-01,56.05
3226,2020-11-02,50.9
3227,2020-11-03,51.05
3228,2020-11-04,50.85
3229,2020-11-05,51.4
3230,2020-11-06,50.8
3231,2020-11-07,50.8
3232,2020-11-08,50.8
3233,2020-11-09,51.05
3234,2020-11-10,51.35
3235,2020-11-11,51.4
3236,2020-11-12,52.05
3237,2020-11-13,52.7
3238,2020-11-14,52.7
3239,2020-11-15,52.7
3240,2020-11-16,52.95
3241,2020-11-17,52.75
3242,2020-11-18,52.85
3243,2020-11-19,52.75
3244,2020-11-20,53.0
3245,2020-11-21,53.0
3246,2020-11-22,53.0
3247,2020-11-23,52.95
3248,2020-11-24,53.2
3249,2020-11-25,53.55
3250,2020-11-26,53.55
3251,2020-11-27,53.6
3252,2020-11-28,53.6
3253,2020-11-29,53.6
3254,2020-11-30,61.15
3255,2020-12-01,61.25
3256,2020-12-02,62.0
3257,2020-12-03,61.85
3258,2020-12-04,63.2
3259,2020-12-05,63.2
3260,2020-12-06,63.2
3261,2020-12-07,62.95
3262,2020-12-08,63.05
3263,2020-12-09,63.3
3264,2020-12-10,64.0
3265,2020-12-11,65.1
3266,2020-12-12,65.1
3267,2020-12-13,65.1
3268,2020-12-14,65.4
3269,2020-12-15,65.8
3270,2020-12-16,65.6
3271,2020-12-17,65.65
3272,2020-12-18,66.0
3273,2020-12-19,66.0
3274,2020-12-20,66.0
3275,2020-12-21,66.1
3276,2020-12-22,66.1
3277,2020-12-23,66.05
3278,2020-12-24,66.1
3279,2020-12-25,66.1
3280,2020-12-26,66.1
3281,2020-12-27,66.1
3282,2020-12-28,71.65
3283,2020-12-29,70.0
3284,2020-12-30,69.4
3285,2020-12-31,69.0
3286,2021-01-01,69.0
3287,2021-01-02,69.0
3288,2021-01-03,69.0
3289,2021-01-04,69.3
3290,2021-01-05,64.9
3291,2021-01-06,64.25
3292,2021-01-07,66.6
3293,2021-01-08,68.5
3294,2021-01-09,68.5
3295,2021-01-10,68.5
3296,2021-01-11,68.5
3297,2021-01-12,70.5
3298,2021-01-13,70.15
3299,2021-01-14,69.9
3300,2021-01-15,68.6
3301,2021-01-16,68.6
3302,2021-01-17,68.6
3303,2021-01-18,67.25
3304,2021-01-19,67.5
3305,2021-01-20,67.5
3306,2021-01-21,67.55
3307,2021-01-22,67.5
3308,2021-01-23,67.5
3309,2021-01-24,67.5
3310,2021-01-25,67.45
3311,2021-01-26,67.65
3312,2021-01-27,67.7
3313,2021-01-28,67.8
3314,2021-01-29,67.8
3315,2021-01-30,67.8
3316,2021-01-31,67.8
3317,2021-02-01,65.6
3318,2021-02-02,65.4
3319,2021-02-03,63.75
3320,2021-02-04,65.0
3321,2021-02-05,66.45
3322,2021-02-06,66.45
3323,2021-02-07,66.45
3324,2021-02-08,68.25
3325,2021-02-09,68.6
3326,2021-02-10,68.0
3327,2021-02-11,67.35
3328,2021-02-12,67.0
3329,2021-02-13,67.0
3330,2021-02-14,67.0
3331,2021-02-15,65.3
3332,2021-02-16,65.6
3333,2021-02-17,65.35
3334,2021-02-18,65.55
3335,2021-02-19,65.95
3336,2021-02-20,65.95
3337,2021-02-21,65.95
3338,2021-02-22,65.95
3339,2021-02-23,65.9
3340,2021-02-24,65.7
3341,2021-02-25,65.8
3342,2021-02-26,66.15
3343,2021-02-27,66.15
3344,2021-02-28,66.15
3345,2021-03-01,65.4
3346,2021-03-02,66.15
3347,2021-03-03,65.7
3348,2021-03-04,65.2
3349,2021-03-05,65.25
3350,2021-03-06,65.25
3351,2021-03-07,65.25
3352,2021-03-08,65.5
3353,2021-03-09,66.0
3354,2021-03-10,65.8
3355,2021-03-11,65.8
3356,2021-03-12,66.05
3357,2021-03-13,66.05
3358,2021-03-14,66.05
3359,2021-03-15,66.35
3360,2021-03-16,66.3
3361,2021-03-17,67.55
3362,2021-03-18,68.1
3363,2021-03-19,68.45
3364,2021-03-20,68.45
3365,2021-03-21,68.45
3366,2021-03-22,68.5
3367,2021-03-23,68.5
3368,2021-03-24,68.5
3369,2021-03-25,68.5
3370,2021-03-26,68.5
3371,2021-03-27,68.5
3372,2021-03-28,68.5
3373,2021-03-29,70.6
3374,2021-03-30,70.0
3375,2021-03-31,70.05
3376,2021-04-01,70.2
3377,2021-04-02,70.2
3378,2021-04-03,70.2
3379,2021-04-04,70.2
3380,2021-04-05,70.2
3381,2021-04-06,70.3
3382,2021-04-07,68.8
3383,2021-04-08,67.2
3384,2021-04-09,67.55
3385,2021-04-10,67.55
3386,2021-04-11,67.55
3387,2021-04-12,68.35
3388,2021-04-13,68.85
3389,2021-04-14,69.15
3390,2021-04-15,70.2
3391,2021-04-16,71.6
3392,2021-04-17,71.6
3393,2021-04-18,71.6
3394,2021-04-19,71.5
3395,2021-04-20,71.5
3396,2021-04-21,71.5
3397,2021-04-22,71.8
3398,2021-04-23,71.8
3399,2021-04-24,71.8
3400,2021-04-25,71.8
3401,2021-04-26,71.7
3402,2021-04-27,71.85
3403,2021-04-28,71.75
3404,2021-04-29,71.9
3405,2021-04-30,71.9
3406,2021-05-01,71.9
3407,2021-05-02,71.9
3408,2021-05-03,78.65
3409,2021-05-04,78.5
3410,2021-05-05,80.05
3411,2021-05-06,81.55
3412,2021-05-07,82.5
3413,2021-05-08,82.5
3414,2021-05-09,82.5
3415,2021-05-10,83.8
3416,2021-05-11,84.8
3417,2021-05-12,85.85
3418,2021-05-13,85.7
3419,2021-05-14,85.4
3420,2021-05-15,85.4
3421,2021-05-16,85.4
3422,2021-05-17,84.5
3423,2021-05-18,84.6
3424,2021-05-19,84.0
3425,2021-05-20,84.75
3426,2021-05-21,85.2
3427,2021-05-22,85.2
3428,2021-05-23,85.2
3429,2021-05-24,85.5
3430,2021-05-25,85.75
3431,2021-05-26,85.65
3432,2021-05-27,85.75
3433,2021-05-28,85.75
3434,2021-05-29,85.75
3435,2021-05-30,85.75
3436,2021-05-31,93.2
3437,2021-06-01,95.8
3438,2021-06-02,96.4
3439,2021-06-03,100.5
3440,2021-06-04,101.25
3441,2021-06-05,101.25
3442,2021-06-06,101.25
3443,2021-06-07,106.0
3444,2021-06-08,105.75
3445,2021-06-09,108.25
3446,2021-06-10,110.0
3447,2021-06-11,110.0
3448,2021-06-12,110.0
3449,2021-06-13,110.0
3450,2021-06-14,109.0
3451,2021-06-15,108.0
3452,2021-06-16,108.0
3453,2021-06-17,107.8
3454,2021-06-18,107.75
3455,2021-06-19,107.75
3456,2021-06-20,107.75
3457,2021-06-21,107.0
3458,2021-06-22,107.25
3459,2021-06-23,108.0
3460,2021-06-24,108.25
3461,2021-06-25,108.5
3462,2021-06-26,108.5
3463,2021-06-27,108.5
3464,2021-06-28,113.15
3465,2021-06-29,115.05
3466,2021-06-30,120.75
3467,2021-07-01,122.25
3468,2021-07-02,123.6
3469,2021-07-03,123.6
3470,2021-07-04,123.6
3471,2021-07-05,127.25
3472,2021-07-06,123.8
3473,2021-07-07,124.65
3474,2021-07-08,125.5
3475,2021-07-09,126.8
3476,2021-07-10,126.8
3477,2021-07-11,126.8
3478,2021-07-12,126.65
3479,2021-07-13,131.1
3480,2021-07-14,131.75
3481,2021-07-15,132.0
3482,2021-07-16,132.6
3483,2021-07-17,132.6
3484,2021-07-18,132.6
3485,2021-07-19,133.1
3486,2021-07-20,132.1
3487,2021-07-21,132.6
3488,2021-07-22,131.9
3489,2021-07-23,132.3
3490,2021-07-24,132.3
3491,2021-07-25,132.3
3492,2021-07-26,132.1
3493,2021-07-27,132.6
3494,2021-07-28,132.9
3495,2021-07-29,132.9
3496,2021-07-30,132.9
3497,2021-07-31,132.9
3498,2021-08-01,132.9
3499,2021-08-02,139.7
3500,2021-08-03,140.05
3501,2021-08-04,141.1
3502,2021-08-05,142.15
3503,2021-08-06,143.9
3504,2021-08-07,143.9
3505,2021-08-08,143.9
3506,2021-08-09,145.75
3507,2021-08-10,146.0
3508,2021-08-11,147.6
3509,2021-08-12,150.0
3510,2021-08-13,149.7
3511,2021-08-14,149.7
3512,2021-08-15,149.7
3513,2021-08-16,151.85
3514,2021-08-17,149.9
3515,2021-08-18,149.95
3516,2021-08-19,145.9
3517,2021-08-20,144.5
3518,2021-08-21,144.5
3519,2021-08-22,144.5
3520,2021-08-23,148.35
3521,2021-08-24,148.5
3522,2021-08-25,148.9
3523,2021-08-26,149.0
3524,2021-08-27,148.95
3525,2021-08-28,148.95
3526,2021-08-29,148.95
3527,2021-08-30,149.05
3528,2021-08-31,153.75
3529,2021-09-01,156.25
3530,2021-09-02,162.2
3531,2021-09-03,165.15
3532,2021-09-04,165.15
3533,2021-09-05,165.15
3534,2021-09-06,168.0
3535,2021-09-07,168.2
3536,2021-09-08,169.0
3537,2021-09-09,169.7
3538,2021-09-10,170.85
3539,2021-09-11,170.85
3540,2021-09-12,170.85
3541,2021-09-13,171.7
3542,2021-09-14,171.0
3543,2021-09-15,169.5
3544,2021-09-16,166.9
3545,2021-09-17,168.6
3546,2021-09-18,168.6
3547,2021-09-19,168.6
3548,2021-09-20,171.05
3549,2021-09-21,171.4
3550,2021-09-22,172.0
3551,2021-09-23,172.85
3552,2021-09-24,172.5
3553,2021-09-25,172.5
3554,2021-09-26,172.5
3555,2021-09-27,201.75
3556,2021-09-28,202.3
3557,2021-09-29,208.5
3558,2021-09-30,218.65
3559,2021-10-01,233.05
3560,2021-10-02,233.05
3561,2021-10-03,233.05
3562,2021-10-04,247.75
3563,2021-10-05,274.5
3564,2021-10-06,237.1
3565,2021-10-07,232.65
3566,2021-10-08,230.0
3567,2021-10-09,230.0
3568,2021-10-10,230.0
3569,2021-10-11,241.5
3570,2021-10-12,243.15
3571,2021-10-13,244.95
3572,2021-10-14,243.65
3573,2021-10-15,240.05
3574,2021-10-16,240.05
3575,2021-10-17,240.05
3576,2021-10-18,238.65
3577,2021-10-19,234.5
3578,2021-10-20,232.6
3579,2021-10-21,228.5
3580,2021-10-22,231.25
3581,2021-10-23,231.25
3582,2021-10-24,231.25
3583,2021-10-25,237.15
3584,2021-10-26,234.0
3585,2021-10-27,232.85
3586,2021-10-28,233.0
3587,2021-10-29,232.65
3588,2021-10-30,232.65
3589,2021-10-31,232.65
3590,2021-11-01,136.0
3591,2021-11-02,139.75
3592,2021-11-03,149.5
3593,2021-11-04,148.0
3594,2021-11-05,148.25
3595,2021-11-06,148.25
3596,2021-11-07,148.25
3597,2021-11-08,157.5
3598,2021-11-09,152.0
3599,2021-11-10,142.1
3600,2021-11-11,142.0
3601,2021-11-12,139.0
3602,2021-11-13,139.0
3603,2021-11-14,139.0
3604,2021-11-15,138.65
3605,2021-11-16,141.5
3606,2021-11-17,142.95
3607,2021-11-18,144.75
3608,2021-11-19,145.25
3609,2021-11-20,145.25
3610,2021-11-21,145.25
3611,2021-11-22,146.5
3612,2021-11-23,150.0
3613,2021-11-24,149.6
3614,2021-11-25,148.0
3615,2021-11-26,148.0
3616,2021-11-27,148.0
3617,2021-11-28,148.0
3618,2021-11-29,127.0
3619,2021-11-30,111.1
3620,2021-12-01,123.1
3621,2021-12-02,124.25
3622,2021-12-03,121.5
3623,2021-12-04,121.5
3624,2021-12-05,121.5
3625,2021-12-06,122.2
3626,2021-12-07,129.1
3627,2021-12-08,134.55
3628,2021-12-09,134.9
3629,2021-12-10,134.9
3630,2021-12-11,134.9
3631,2021-12-12,134.9
3632,2021-12-13,136.5
3633,2021-12-14,140.55
3634,2021-12-15,141.7
3635,2021-12-16,147.9
3636,2021-12-17,146.0
3637,2021-12-18,146.0
3638,2021-12-19,146.0
3639,2021-12-20,146.0
3640,2021-12-21,147.0
3641,2021-12-22,146.95
3642,2021-12-23,142.75
3643,2021-12-24,142.0
3644,2021-12-25,142.0
3645,2021-12-26,142.0
3646,2021-12-27,140.7
3647,2021-12-28,135.6
3648,2021-12-29,138.35
3649,2021-12-30,138.0
3650,2021-12-31,137.55
3651,2022-01-01,137.55
3652,2022-01-02,137.55
3653,2022-01-03,120.0
3654,2022-01-04,130.1
3655,2022-01-05,137.3
3656,2022-01-06,143.5
3657,2022-01-07,140.2
3658,2022-01-08,140.2
3659,2022-01-09,140.2
3660,2022-01-10,138.55
3661,2022-01-11,136.0
3662,2022-01-12,139.0
3663,2022-01-13,148.9
3664,2022-01-14,154.0
3665,2022-01-15,154.0
3666,2022-01-16,154.0
3667,2022-01-17,156.0
3668,2022-01-18,162.3
3669,2022-01-19,161.75
3670,2022-01-20,159.5
3671,2022-01-21,162.05
3672,2022-01-22,162.05
3673,2022-01-23,162.05
3674,2022-01-24,163.25
3675,2022-01-25,164.6
3676,2022-01-26,165.95
3677,2022-01-27,165.95
3678,2022-01-28,166.5
3679,2022-01-29,166.5
3680,2022-01-30,166.5
3681,2022-01-31,178.25
3682,2022-02-01,174.5
3683,2022-02-02,177.3
3684,2022-02-03,177.45
3685,2022-02-04,183.0
3686,2022-02-05,183.0
3687,2022-02-06,183.0
3688,2022-02-07,182.5
3689,2022-02-08,186.1
3690,2022-02-09,187.75
3691,2022-02-10,188.15
3692,2022-02-11,189.5
3693,2022-02-12,189.5
3694,2022-02-13,189.5
3695,2022-02-14,190.35
3696,2022-02-15,186.65
3697,2022-02-16,183.65
3698,2022-02-17,183.05
3699,2022-02-18,184.1
3700,2022-02-19,184.1
3701,2022-02-20,184.1
3702,2022-02-21,185.15
3703,2022-02-22,189.0
3704,2022-02-23,190.65
3705,2022-02-24,193.1
3706,2022-02-25,193.0
3707,2022-02-26,193.0
3708,2022-02-27,193.0
3709,2022-02-28,254.25
3710,2022-03-01,315.0
3711,2022-03-02,436.5
3712,2022-03-03,353.75
3713,2022-03-04,432.5
3714,2022-03-05,432.5
3715,2022-03-06,432.5
3716,2022-03-07,425.2
3717,2022-03-08,439.0
3718,2022-03-09,418.0
3719,2022-03-10,367.5
3720,2022-03-11,363.95
3721,2022-03-12,363.95
3722,2022-03-13,363.95
3723,2022-03-14,357.35
3724,2022-03-15,336.25
3725,2022-03-16,312.0
3726,2022-03-17,316.0
3727,2022-03-18,324.0
3728,2022-03-19,324.0
3729,2022-03-20,324.0
3730,2022-03-21,318.2
3731,2022-03-22,323.0
3732,2022-03-23,326.85
3733,2022-03-24,325.05
3734,2022-03-25,324.85
3735,2022-03-26,324.85
3736,2022-03-27,324.85
3737,2022-03-28,270.4
3738,2022-03-29,268.3
3739,2022-03-30,271.65
3740,2022-03-31,273.0
3741,2022-04-01,265.4
3742,2022-04-02,265.4
3743,2022-04-03,265.4
3744,2022-04-04,262.0
3745,2022-04-05,290.1
3746,2022-04-06,290.65
3747,2022-04-07,280.7
3748,2022-04-08,295.0
3749,2022-04-09,295.0
3750,2022-04-10,295.0
3751,2022-04-11,300.0
3752,2022-04-12,320.0
3753,2022-04-13,321.35
3754,2022-04-14,322.55
3755,2022-04-15,322.55
3756,2022-04-16,322.55
3757,2022-04-17,322.55
3758,2022-04-18,322.55
3759,2022-04-19,322.5
3760,2022-04-20,327.35
3761,2022-04-21,326.85
3762,2022-04-22,326.65
3763,2022-04-23,326.65
3764,2022-04-24,326.65
3765,2022-04-25,326.0
3766,2022-04-26,324.75
3767,2022-04-27,323.55
3768,2022-04-28,322.85
3769,2022-04-29,322.85
3770,2022-04-30,322.85
3771,2022-05-01,322.85
3772,2022-05-02,322.85
3773,2022-05-03,283.1
3774,2022-05-04,311.5
3775,2022-05-05,321.0
3776,2022-05-06,319.5
3777,2022-05-07,319.5
3778,2022-05-08,319.5
3779,2022-05-09,310.85
3780,2022-05-10,313.15
3781,2022-05-11,319.0
3782,2022-05-12,325.5
3783,2022-05-13,319.0
3784,2022-05-14,319.0
3785,2022-05-15,319.0
3786,2022-05-16,324.0
3787,2022-05-17,329.35
3788,2022-05-18,331.8
3789,2022-05-19,332.0
3790,2022-05-20,336.35
3791,2022-05-21,336.35
3792,2022-05-22,336.35
3793,2022-05-23,332.35
3794,2022-05-24,331.05
3795,2022-05-25,330.65
3796,2022-05-26,330.6
3797,2022-05-27,329.75
3798,2022-05-28,329.75
3799,2022-05-29,329.75
3800,2022-05-30,306.0
3801,2022-05-31,333.0
3802,2022-06-01,326.15
3803,2022-06-02,327.15
3804,2022-06-03,327.15
3805,2022-06-04,327.15
3806,2022-06-05,327.15
3807,2022-06-06,333.6
3808,2022-06-07,326.2
3809,2022-06-08,330.0
3810,2022-06-09,323.0
3811,2022-06-10,317.5
3812,2022-06-11,317.5
3813,2022-06-12,317.5
3814,2022-06-13,317.15
3815,2022-06-14,323.0
3816,2022-06-15,332.45
3817,2022-06-16,330.65
3818,2022-06-17,335.0
3819,2022-06-18,335.0
3820,2022-06-19,335.0
3821,2022-06-20,345.35
3822,2022-06-21,345.5
3823,2022-06-22,345.5
3824,2022-06-23,350.0
3825,2022-06-24,348.1
3826,2022-06-25,348.1
3827,2022-06-26,348.1
3828,2022-06-27,372.0
3829,2022-06-28,366.5
3830,2022-06-29,364.75
3831,2022-06-30,370.0
3832,2022-07-01,369.0
3833,2022-07-02,369.0
3834,2022-07-03,369.0
3835,2022-07-04,376.0
3836,2022-07-05,380.0
3837,2022-07-06,384.75
3838,2022-07-07,385.0
3839,2022-07-08,388.9
3840,2022-07-09,388.9
3841,2022-07-10,388.9
3842,2022-07-11,390.0
3843,2022-07-12,397.5
3844,2022-07-13,395.0
3845,2022-07-14,392.6
3846,2022-07-15,385.05
3847,2022-07-16,385.05
3848,2022-07-17,385.05
3849,2022-07-18,374.0
3850,2022-07-19,375.0
3851,2022-07-20,376.95
3852,2022-07-21,376.05
3853,2022-07-22,376.3
3854,2022-07-23,376.3
3855,2022-07-24,376.3
3856,2022-07-25,387.35
3857,2022-07-26,389.5
3858,2022-07-27,387.0
3859,2022-07-28,390.25
3860,2022-07-29,388.0
3861,2022-07-30,388.0
3862,2022-07-31,388.0
3863,2022-08-01,365.5
3864,2022-08-02,366.05
3865,2022-08-03,355.0
3866,2022-08-04,329.5
3867,2022-08-05,313.65
3868,2022-08-06,313.65
3869,2022-08-07,313.65
3870,2022-08-08,320.0
3871,2022-08-09,328.75
3872,2022-08-10,342.0
3873,2022-08-11,344.0
3874,2022-08-12,350.5
3875,2022-08-13,350.5
3876,2022-08-14,350.5
3877,2022-08-15,353.9
3878,2022-08-16,358.05
3879,2022-08-17,359.75
3880,2022-08-18,365.0
3881,2022-08-19,371.25
3882,2022-08-20,371.25
3883,2022-08-21,371.25
3884,2022-08-22,377.75
3885,2022-08-23,370.0
3886,2022-08-24,371.25
3887,2022-08-25,368.0
3888,2022-08-26,368.8
3889,2022-08-27,368.8
3890,2022-08-28,368.8
3891,2022-08-29,375.05
3892,2022-08-30,365.75
3893,2022-08-31,367.0
3894,2022-09-01,370.25
3895,2022-09-02,376.0
3896,2022-09-03,376.0
3897,2022-09-04,376.0
3898,2022-09-05,392.5
3899,2022-09-06,380.0
3900,2022-09-07,363.05
3901,2022-09-08,341.0
3902,2022-09-09,337.0
3903,2022-09-10,337.0
3904,2022-09-11,337.0
3905,2022-09-12,329.0
3906,2022-09-13,336.0
3907,2022-09-14,336.0
3908,2022-09-15,337.2
3909,2022-09-16,331.0
3910,2022-09-17,331.0
3911,2022-09-18,331.0
3912,2022-09-19,334.25
3913,2022-09-20,323.65
3914,2022-09-21,324.05
3915,2022-09-22,323.65
3916,2022-09-23,323.65
3917,2022-09-24,323.65
3918,2022-09-25,323.65
3919,2022-09-26,325.75
3920,2022-09-27,325.6
3921,2022-09-28,328.15
3922,2022-09-29,328.15
3923,2022-09-30,328.5
3924,2022-10-01,328.5
3925,2022-10-02,328.5
3926,2022-10-03,328.5
3927,2022-10-04,301.0
3928,2022-10-05,294.35
3929,2022-10-06,267.85
3930,2022-10-07,261.6
3931,2022-10-08,261.6
3932,2022-10-09,261.6
3933,2022-10-10,262.0
3934,2022-10-11,265.85
3935,2022-10-12,280.1
3936,2022-10-13,272.5
3937,2022-10-14,274.0
3938,2022-10-15,274.0
3939,2022-10-16,274.0
3940,2022-10-17,270.5
3941,2022-10-18,267.0
3942,2022-10-19,268.0
3943,2022-10-20,270.0
3944,2022-10-21,270.0
3945,2022-10-22,270.0
3946,2022-10-23,270.0
3947,2022-10-24,269.55
3948,2022-10-25,270.05
3949,2022-10-26,269.1
3950,2022-10-27,267.9
3951,2022-10-28,275.15
3952,2022-10-29,275.15
3953,2022-10-30,275.15
3954,2022-10-31,219.25
3955,2022-11-01,225.1
3956,2022-11-02,229.5
3957,2022-11-03,221.0
3958,2022-11-04,216.0
3959,2022-11-05,216.0
3960,2022-11-06,216.0
3961,2022-11-07,200.9
3962,2022-11-08,191.5
3963,2022-11-09,188.8
3964,2022-11-10,190.65
3965,2022-11-11,190.55
3966,2022-11-12,190.55
3967,2022-11-13,190.55
3968,2022-11-14,194.0
3969,2022-11-15,203.5
3970,2022-11-16,197.0
3971,2022-11-17,202.0
3972,2022-11-18,207.65
3973,2022-11-19,207.65
3974,2022-11-20,207.65
3975,2022-11-21,216.2
3976,2022-11-22,213.0
3977,2022-11-23,213.9
3978,2022-11-24,213.8
3979,2022-11-25,214.7
3980,2022-11-26,214.7
3981,2022-11-27,214.7
3982,2022-11-28,249.0
3983,2022-11-29,260.0
3984,2022-11-30,279.0
3985,2022-12-01,266.0
3986,2022-12-02,267.0
3987,2022-12-03,267.0
3988,2022-12-04,267.0
3989,2022-12-05,262.25
3990,2022-12-06,266.65
3991,2022-12-07,263.3
3992,2022-12-08,256.5
3993,2022-12-09,260.9
3994,2022-12-10,260.9
3995,2022-12-11,260.9
3996,2022-12-12,250.25
3997,2022-12-13,247.0
3998,2022-12-14,240.6
3999,2022-12-15,240.0
4000,2022-12-16,234.2
4001,2022-12-17,234.2
4002,2022-12-18,234.2
4003,2022-12-19,230.5
4004,2022-12-20,230.45
4005,2022-12-21,228.0
4006,2022-12-22,229.5
4007,2022-12-23,228.7
4008,2022-12-24,228.7
4009,2022-12-25,228.7
4010,2022-12-26,228.7
4011,2022-12-27,223.35
4012,2022-12-28,227.35
4013,2022-12-29,227.85
4014,2022-12-30,228.35
4015,2022-12-31,228.35
4016,2023-01-01,228.35
4017,2023-01-02,228.35
4018,2023-01-03,187.25
4019,2023-01-04,178.75
4020,2023-01-05,177.75
4021,2023-01-06,172.3
4022,2023-01-07,172.3
4023,2023-01-08,172.3
4024,2023-01-09,172.6
4025,2023-01-10,172.1
4026,2023-01-11,165.0
4027,2023-01-12,172.7
4028,2023-01-13,169.0
4029,2023-01-14,169.0
4030,2023-01-15,169.0
4031,2023-01-16,168.0
4032,2023-01-17,170.0
4033,2023-01-18,175.0
4034,2023-01-19,175.0
4035,2023-01-20,174.45
4036,2023-01-21,174.45
4037,2023-01-22,174.45
4038,2023-01-23,172.4
4039,2023-01-24,170.0
4040,2023-01-25,166.75
4041,2023-01-26,166.4
4042,2023-01-27,167.15
4043,2023-01-28,167.15
4044,2023-01-29,167.15
4045,2023-01-30,139.0
4046,2023-01-31,136.65
4047,2023-02-01,142.1
4048,2023-02-02,136.85
4049,2023-02-03,138.5
4050,2023-02-04,138.5
4051,2023-02-05,138.5
4052,2023-02-06,139.25
4053,2023-02-07,136.0
4054,2023-02-08,129.65
4055,2023-02-09,128.0
4056,2023-02-10,132.0
4057,2023-02-11,132.0
4058,2023-02-12,132.0
4059,2023-02-13,132.0
4060,2023-02-14,134.0
4061,2023-02-15,136.5
4062,2023-02-16,137.0
4063,2023-02-17,136.5
4064,2023-02-18,136.5
4065,2023-02-19,136.5
4066,2023-02-20,136.5
4067,2023-02-21,137.0
4068,2023-02-22,137.15
4069,2023-02-23,139.0
4070,2023-02-24,137.9
4071,2023-02-25,137.9
4072,2023-02-26,137.9
4073,2023-02-27,148.15
4074,2023-02-28,145.9
4075,2023-03-01,143.85
4076,2023-03-02,141.4
4077,2023-03-03,131.75
4078,2023-03-04,131.75
4079,2023-03-05,131.75
4080,2023-03-06,123.0
4081,2023-03-07,124.5
4082,2023-03-08,123.35
4083,2023-03-09,126.75
4084,2023-03-10,135.0
4085,2023-03-11,135.0
4086,2023-03-12,135.0
4087,2023-03-13,138.65
4088,2023-03-14,141.0
4089,2023-03-15,138.0
4090,2023-03-16,138.0
4091,2023-03-17,134.5
4092,2023-03-18,134.5
4093,2023-03-19,134.5
4094,2023-03-20,134.5
4095,2023-03-21,139.0
4096,2023-03-22,137.1
4097,2023-03-23,135.8
4098,2023-03-24,135.15
4099,2023-03-25,135.15
4100,2023-03-26,135.15
4101,2023-03-27,136.75
4102,2023-03-28,137.8
4103,2023-03-29,137.75
4104,2023-03-30,137.9
4105,2023-03-31,137.8
4106,2023-04-01,137.8
4107,2023-04-02,137.8
4108,2023-04-03,149.0
4109,2023-04-04,144.05
4110,2023-04-05,139.0
4111,2023-04-06,135.1
4112,2023-04-07,135.1
4113,2023-04-08,135.1
4114,2023-04-09,135.1
4115,2023-04-10,135.1
4116,2023-04-11,129.45
4117,2023-04-12,133.8
4118,2023-04-13,134.4
4119,2023-04-14,135.9
4120,2023-04-15,135.9
4121,2023-04-16,135.9
4122,2023-04-17,136.0
4123,2023-04-18,137.05
4124,2023-04-19,138.0
4125,2023-04-20,138.65
4126,2023-04-21,139.25
4127,2023-04-22,139.25
4128,2023-04-23,139.25
4129,2023-04-24,138.75
4130,2023-04-25,140.0
4131,2023-04-26,140.15
4132,2023-04-27,140.0
4133,2023-04-28,140.0
4134,2023-04-29,140.0
4135,2023-04-30,140.0
4136,2023-05-01,136.4
4137,2023-05-02,136.1
4138,2023-05-03,131.5
4139,2023-05-04,125.3
4140,2023-05-05,127.15
4141,2023-05-06,127.15
4142,2023-05-07,127.15
4143,2023-05-08,127.15
4144,2023-05-09,125.0
4145,2023-05-10,122.45
4146,2023-05-11,119.1
4147,2023-05-12,119.45
4148,2023-05-13,119.45
4149,2023-05-14,119.45
4150,2023-05-15,118.15
4151,2023-05-16,117.5
4152,2023-05-17,118.5
4153,2023-05-18,116.9
4154,2023-05-19,118.7
4155,2023-05-20,118.7
4156,2023-05-21,118.7
4157,2023-05-22,119.0
4158,2023-05-23,119.0
4159,2023-05-24,118.4
4160,2023-05-25,118.65
4161,2023-05-26,118.1
4162,2023-05-27,118.1
4163,2023-05-28,118.1
4164,2023-05-29,98.95
4165,2023-05-30,93.0
4166,2023-05-31,95.5
4167,2023-06-01,93.95
4168,2023-06-02,100.85
4169,2023-06-03,100.85
4170,2023-06-04,100.85
4171,2023-06-05,111.0
4172,2023-06-06,106.65
4173,2023-06-07,110.0
4174,2023-06-08,112.9
4175,2023-06-09,115.75
4176,2023-06-10,115.75
4177,2023-06-11,115.75
4178,2023-06-12,114.65
4179,2023-06-13,117.5
4180,2023-06-14,116.4
4181,2023-06-15,116.45
4182,2023-06-16,115.05
4183,2023-06-17,115.05
4184,2023-06-18,115.05
4185,2023-06-19,114.05
4186,2023-06-20,117.2
4187,2023-06-21,116.75
4188,2023-06-22,115.15
4189,2023-06-23,114.6
4190,2023-06-24,114.6
4191,2023-06-25,114.6
4192,2023-06-26,115.0
4193,2023-06-27,115.0
4194,2023-06-28,115.0
4195,2023-06-29,114.9
4196,2023-06-30,115.5
4197,2023-07-01,115.5
4198,2023-07-02,115.5
4199,2023-07-03,121.45
4200,2023-07-04,123.3
4201,2023-07-05,123.6
4202,2023-07-06,117.25
4203,2023-07-07,116.35
4204,2023-07-08,116.35
4205,2023-07-09,116.35
4206,2023-07-10,110.95
4207,2023-07-11,105.9
4208,2023-07-12,104.05
4209,2023-07-13,103.65
4210,2023-07-14,104.15
4211,2023-07-15,104.15
4212,2023-07-16,104.15
4213,2023-07-17,104.0
4214,2023-07-18,108.95
4215,2023-07-19,108.0
4216,2023-07-20,109.75
4217,2023-07-21,110.5
4218,2023-07-22,110.5
4219,2023-07-23,110.5
4220,2023-07-24,111.05
4221,2023-07-25,111.15
4222,2023-07-26,111.25
4223,2023-07-27,111.0
4224,2023-07-28,110.75
4225,2023-07-29,110.75
4226,2023-07-30,110.75
4227,2023-07-31,105.25
4228,2023-08-01,104.2
4229,2023-08-02,105.25
4230,2023-08-03,108.5
4231,2023-08-04,108.25
4232,2023-08-05,108.25
4233,2023-08-06,108.25
4234,2023-08-07,112.25
4235,2023-08-08,114.75
4236,2023-08-09,115.85
4237,2023-08-10,117.5
4238,2023-08-11,116.5
4239,2023-08-12,116.5
4240,2023-08-13,116.5
4241,2023-08-14,115.6
4242,2023-08-15,116.75
4243,2023-08-16,115.85
4244,2023-08-17,116.0
4245,2023-08-18,116.75
4246,2023-08-19,116.75
4247,2023-08-20,116.75
4248,2023-08-21,118.5
4249,2023-08-22,118.8
4250,2023-08-23,118.25
4251,2023-08-24,118.15
4252,2023-08-25,117.75
4253,2023-08-26,117.75
4254,2023-08-27,117.75
4255,2023-08-28,124.5
4256,2023-08-29,123.1
4257,2023-08-30,122.25
4258,2023-08-31,118.75
4259,2023-09-01,116.9
4260,2023-09-02,116.9
4261,2023-09-03,116.9
4262,2023-09-04,117.3
4263,2023-09-05,119.35
4264,2023-09-06,116.5
4265,2023-09-07,116.65
4266,2023-09-08,116.85
4267,2023-09-09,116.85
4268,2023-09-10,116.85
4269,2023-09-11,117.2
4270,2023-09-12,118.85
